match_id,start_time,duration,tower_status_radiant,tower_status_dire,barracks_status_dire,barracks_status_radiant,first_blood_time,game_mode,radiant_win,negative_votes,positive_votes,cluster
0,1446750112,2375,1982,4,3,63,1,22,True,0,1,155
1,1446753078,2582,0,1846,63,0,221,22,False,0,2,154
2,1446764586,2716,256,1972,63,48,190,22,False,0,0,132
3,1446765723,3085,4,1924,51,3,40,22,False,0,0,191
4,1446796385,1887,2047,0,0,63,58,22,True,0,0,156
5,1446798766,1574,2047,4,3,63,113,22,True,0,0,155
6,1446800938,2124,1972,0,3,63,4,22,True,0,0,151
7,1446804030,2328,2046,0,0,63,255,22,True,0,0,138
8,1446819063,2002,0,1982,63,0,4,22,False,0,0,182
9,1446837251,2961,0,1972,63,0,85,22,False,0,0,133
10,1446839926,1562,1983,262,51,63,143,22,True,0,0,133
11,1446850598,3280,0,1974,63,0,76,22,False,0,0,122
12,1446853394,3995,0,1796,59,0,3,22,False,0,0,138
13,1446855028,2452,1956,6,3,63,120,22,True,0,0,123
14,1446855096,1728,2047,256,48,63,27,22,True,0,0,182
15,1446858132,3122,0,1540,19,0,101,22,False,0,0,121
16,1446860653,3318,0,1312,60,0,252,22,False,0,0,121
17,1446861016,3798,1543,0,0,3,4,22,True,0,2,123
18,1446862325,2820,4,1572,63,3,168,22,False,0,1,133
19,1446870404,2234,1974,0,0,63,112,22,True,0,0,184
20,1446874022,2284,1974,0,0,63,208,22,True,0,0,112
21,1446876812,2019,1974,0,2,63,49,22,True,0,0,111
22,1446887066,2754,1852,256,48,63,4,22,True,0,0,191
23,1446890850,2742,1958,0,0,63,4,22,True,0,0,132
24,1446892093,2986,0,1956,63,0,79,22,False,0,0,132
25,1446893288,2430,1974,0,0,63,5,22,True,0,0,153
26,1446894280,1499,2046,0,0,63,108,22,True,0,0,191
27,1446896551,2116,0,1846,63,0,111,22,False,0,0,192
28,1446899255,2201,2047,0,0,63,9,22,True,0,0,138
29,1446910512,3388,4,1796,63,51,80,22,False,0,0,155
30,1446910754,2420,1983,0,0,63,2,22,True,0,1,133
31,1446914603,1707,384,1983,63,48,6,22,False,0,0,188
32,1446917368,1749,2047,4,3,63,4,22,True,0,0,155
33,1446917577,3429,0,1824,60,0,138,22,False,0,0,191
34,1446919403,1953,1974,0,0,63,47,22,True,0,0,155
35,1446921455,2033,0,1982,63,0,208,22,False,0,2,132
36,1446924653,1745,2047,0,0,63,12,22,True,0,0,133
37,1446925487,3174,1958,0,0,63,68,22,True,0,0,132
38,1446928243,2886,4,1956,63,3,115,22,False,0,0,132
39,1446929775,3291,4,1024,0,3,85,22,False,0,0,132
40,1446931616,2946,0,1958,63,0,268,22,False,0,0,138
41,1446931713,2461,1846,0,0,63,74,22,True,0,0,133
42,1446932517,2798,1982,256,48,63,102,22,True,0,0,191
43,1446938392,1934,0,2046,63,0,95,22,False,0,0,121
44,1446945281,4348,263,0,0,51,210,22,True,0,0,121
45,1446947079,3098,1796,260,51,63,228,22,True,0,0,112
46,1446948050,2599,0,1982,63,0,274,22,False,0,1,121
47,1446948700,1568,2032,0,0,62,21,22,True,0,0,123
48,1446951365,2872,1982,6,3,63,76,22,True,0,0,123
49,1446966971,2424,1852,0,0,63,252,22,True,0,0,132
50,1446969868,2248,4,2039,63,3,110,22,False,0,0,122
51,1446970036,3454,0,1824,60,0,106,22,False,0,0,133
52,1446971786,3355,6,1572,15,3,17,22,False,0,0,121
53,1446974421,1741,4,1983,63,3,72,22,False,0,0,133
54,1446976897,2723,1824,0,0,61,245,22,True,0,2,132
55,1446984016,2162,2038,0,0,63,206,22,True,0,0,133
56,1446986273,3514,0,454,51,3,5,22,True,0,0,133
57,1446986904,1848,0,2046,63,0,82,22,False,0,0,133
58,1446988300,2983,0,1830,63,0,44,22,False,0,0,156
59,1446989862,3296,0,1828,63,0,19,22,False,0,0,151
60,1446992227,2906,0,1974,63,0,22,22,False,0,0,156
61,1446992342,2200,1974,256,51,63,0,22,True,0,0,133
62,1446993255,2272,1983,0,16,63,56,22,True,0,0,138
63,1446995949,2641,0,1972,63,0,18,22,False,0,0,132
64,1447003081,2296,2038,6,3,63,183,22,True,0,0,121
65,1447003152,2053,1974,6,3,63,5,22,True,0,0,132
66,1447006054,3145,1830,0,0,63,95,22,True,0,0,122
67,1447007201,2187,2036,0,0,63,4,22,True,0,0,138
68,1447007243,1650,2047,256,48,63,0,22,True,0,0,132
69,1447009624,2850,1854,0,0,63,43,22,True,0,0,133
70,1447009964,2233,1974,0,0,63,100,22,True,0,0,138
71,1447010902,1783,0,1846,63,0,14,22,False,0,0,138
72,1447013231,3096,1830,0,3,63,0,22,True,1,0,133
73,1447018155,2946,0,1958,63,0,0,22,False,0,0,132
74,1447019618,2961,1828,0,0,63,2,22,True,0,0,204
75,1447024714,2791,0,1796,63,0,179,22,False,0,0,132
76,1447028255,2251,1972,256,48,63,19,22,True,0,0,132
77,1447031094,2218,1972,4,3,63,190,22,True,0,0,132
78,1447033049,3808,0,1990,59,0,110,22,False,1,1,121
79,1447033910,2240,1974,256,48,63,110,22,True,0,0,132
80,1447034035,4208,1924,0,0,59,135,22,True,0,0,122
81,1447036521,2616,1974,0,0,63,109,22,True,0,0,133
82,1447038194,2190,0,1958,63,0,159,22,False,0,0,133
83,1447040521,2306,0,1990,51,0,0,22,False,0,0,123
84,1447041173,1953,1980,448,48,63,149,22,True,0,0,138
85,1447042670,3191,1792,390,51,63,61,22,True,0,0,112
86,1447043739,1458,2047,0,0,63,76,22,True,0,0,123
87,1447046803,2159,1584,0,0,63,102,22,True,0,0,123
88,1447047323,3454,1828,0,0,63,137,22,True,0,0,123
89,1447052577,3183,0,1830,63,0,189,22,False,0,0,132
90,1447053945,2669,0,1846,63,0,16,22,False,0,0,121
91,1447059448,2810,0,1974,63,0,26,22,False,0,0,123
92,1447060515,2295,256,1588,63,48,55,22,False,2,14,133
93,1447062934,2587,0,1972,63,0,153,22,False,0,0,154
94,1447063753,2436,0,1846,63,0,51,22,False,0,0,132
95,1447066057,1756,4,1974,63,3,96,22,False,0,0,133
96,1447067603,2126,2046,0,0,63,3,22,True,0,0,156
97,1447068553,2837,2039,0,0,63,77,22,True,0,0,132
98,1447071367,1667,0,1975,63,32,220,22,False,0,0,138
99,1447072115,1451,2047,0,0,63,160,22,True,0,0,132
100,1447072658,2384,0,1828,63,0,143,22,False,1,0,132
101,1447073925,2070,0,1974,63,0,79,22,False,0,0,156
102,1447076393,2350,1974,7,3,63,5,22,True,0,0,138
103,1447077621,3830,4,6,3,51,108,22,True,0,0,192
104,1447077711,2306,0,2047,63,0,37,22,False,0,0,133
105,1447085439,1532,1983,4,3,63,256,22,True,0,0,204
106,1447086801,2759,1958,0,0,63,79,22,True,0,0,121
107,1447089563,2596,7,1824,61,3,5,22,False,0,0,154
108,1447090243,2364,6,1844,63,3,62,22,False,0,0,133
109,1447091975,1816,2047,0,0,63,38,22,True,0,0,153
110,1447092977,2040,256,1846,63,48,5,22,False,3,1,132
111,1447093295,3783,384,1572,15,48,111,22,False,0,0,132
112,1447094307,2909,1796,0,0,63,96,22,True,0,0,204
113,1447094537,2337,0,1974,63,0,97,22,False,0,0,133
114,1447095154,2714,1828,0,0,63,0,2,True,0,0,132
115,1447096920,2702,1972,0,0,63,270,2,True,0,0,132
116,1447097857,3201,0,1798,63,0,226,22,False,0,0,133
117,1447097945,2594,1926,0,0,63,134,22,True,0,0,204
118,1447098180,2716,0,1958,63,0,116,22,False,0,0,133
119,1447098279,3054,1568,0,0,60,131,22,True,0,0,133
120,1447099664,2735,0,1920,60,0,85,22,False,0,0,155
121,1447100637,2760,0,1844,63,0,268,2,False,0,0,133
122,1447103550,3023,0,1796,63,0,200,22,False,0,0,123
123,1447104379,3389,0,772,51,0,148,22,False,0,0,132
124,1447106148,1764,1846,0,0,63,6,22,True,0,0,121
125,1447107752,2309,0,1844,63,0,158,22,False,1,0,122
126,1447108731,2137,0,1972,63,0,5,22,False,0,0,154
127,1447110465,1812,384,1982,63,48,93,22,False,0,0,132
128,1447116568,3433,384,4,3,48,0,22,False,0,0,204
129,1447117268,2094,0,2047,63,0,258,22,False,0,0,122
130,1447117489,2052,1983,0,0,63,62,22,True,0,0,122
131,1447118676,2350,1974,256,48,63,193,22,True,0,0,122
132,1447118878,2883,6,1828,63,3,0,22,False,0,0,121
133,1447120025,2139,4,2036,63,3,25,22,False,0,0,121
134,1447122844,3190,1958,0,3,63,10,22,True,0,0,123
135,1447124165,3156,0,548,15,0,220,22,False,0,0,123
136,1447130793,1454,2047,6,3,63,58,22,True,0,2,123
137,1447132676,2480,1824,6,3,63,110,22,True,0,0,111
138,1447134145,4295,4,1924,51,3,177,22,False,0,0,111
139,1447139311,2128,2047,0,0,63,312,22,True,0,0,111
140,1447139566,1722,1982,4,3,63,199,22,True,0,0,132
141,1447140271,1935,0,1975,63,0,239,22,False,0,0,123
142,1447140947,2707,0,1982,63,0,61,22,False,0,0,121
143,1447141052,2879,6,1792,52,3,13,22,False,2,11,123
144,1447141458,5344,4,1924,51,19,14,22,False,0,0,181
145,1447141997,3520,4,1972,63,3,54,22,False,1,0,122
146,1447146502,1986,2047,0,0,63,1,22,True,0,0,225
147,1447148210,2650,6,2020,63,3,58,22,False,0,1,122
148,1447148429,3249,1572,0,0,63,0,22,True,0,0,155
149,1447149824,2298,1798,0,0,63,94,2,True,0,0,155
150,1447150349,2911,1958,0,0,63,53,22,True,0,0,123
151,1447157976,2276,384,1847,63,48,166,22,False,0,0,133
152,1447161298,2636,0,1846,63,0,47,22,False,0,0,224
153,1447162461,3619,1830,0,0,63,99,22,True,0,0,132
154,1447167995,1915,2047,32,12,63,62,22,True,0,0,191
155,1447172172,3056,1924,260,51,55,51,22,True,0,0,138
156,1447176397,2387,0,1974,63,0,56,22,False,0,0,138
157,1447177050,3479,0,1828,63,0,2,22,False,0,0,156
158,1447177295,1995,6,1974,63,3,310,22,False,0,0,153
159,1447178296,2349,1982,0,16,63,96,22,True,0,0,121
160,1447180546,2749,1828,0,0,63,133,22,True,0,0,132
161,1447181931,1799,4,1854,63,3,163,22,False,0,1,132
162,1447182054,2312,1974,0,0,63,3,22,True,0,0,133
163,1447186171,2857,390,1796,51,51,6,22,False,0,0,156
164,1447187346,1798,0,2047,63,0,170,22,False,0,0,132
165,1447194058,1882,0,2038,63,0,43,22,False,0,0,111
166,1447194139,3060,0,1920,63,0,109,22,False,0,0,151
167,1447194583,3231,0,1540,19,0,44,22,False,0,0,138
168,1447194702,2758,0,1828,63,0,287,22,False,0,0,153
169,1447197939,1443,2047,256,48,63,4,22,True,0,0,122
170,1447198921,2793,1828,0,0,63,8,22,True,0,0,112
171,1447199254,2269,1974,4,3,63,89,22,True,0,0,123
172,1447201999,3870,0,260,51,0,12,22,True,0,0,112
173,1447203921,3604,1798,0,0,51,231,22,True,0,0,112
174,1447205010,2300,2038,0,0,63,49,22,True,0,0,204
175,1447206011,1576,4,2046,63,3,0,22,False,0,0,182
176,1447206429,1852,4,2036,63,3,4,22,False,0,0,122
177,1447208217,1942,1982,384,48,63,29,22,True,0,0,153
178,1447208291,2546,0,1974,63,0,74,22,False,0,0,121
179,1447208620,2422,1796,0,0,63,117,22,True,0,1,111
180,1447209886,1977,0,2022,63,0,192,22,False,0,0,121
181,1447211216,2960,1974,0,0,63,34,22,True,0,0,204
182,1447211403,2482,2047,0,0,63,10,22,True,0,0,112
183,1447211747,5267,1796,32,28,51,84,22,True,0,0,121
184,1447213160,2867,0,1926,59,0,213,22,False,4,13,155
185,1447218071,2461,0,1828,63,0,7,22,False,0,0,121
186,1447219746,2458,0,1844,63,0,132,22,False,0,0,121
187,1447220600,2397,0,1844,63,0,173,22,False,0,0,121
188,1447221072,1716,1983,0,0,63,0,22,True,0,0,121
189,1447223597,2478,0,1974,63,0,88,22,False,0,1,121
190,1447223955,2601,0,1959,63,0,59,22,False,0,0,121
191,1447226762,2818,1958,4,3,63,106,22,True,0,0,122
192,1447230244,2640,0,1844,63,0,13,22,False,0,0,132
193,1447234727,2249,0,2038,63,0,50,22,False,12,53,138
194,1447234745,2431,0,1974,63,0,174,22,False,0,0,191
195,1447235497,3398,262,1824,60,51,6,22,False,4,29,133
196,1447236116,2033,2046,4,3,63,113,22,True,0,0,192
197,1447237909,3716,0,1792,48,0,10,22,False,0,0,132
198,1447238739,2407,2046,0,0,63,2,22,True,2,1,132
199,1447239549,1605,2047,256,48,63,172,22,True,0,0,122
200,1447241538,3447,4,1828,63,3,5,22,False,0,0,138
201,1447241549,2437,0,1972,63,0,47,22,False,0,0,133
202,1447242472,3423,1980,0,0,63,0,22,True,0,0,191
203,1447242901,2084,1958,0,0,63,0,22,True,0,0,151
204,1447244216,1683,2038,4,3,63,0,22,True,0,5,132
205,1447244789,2746,1972,0,0,63,96,22,True,0,0,133
206,1447248872,1834,1983,0,0,63,132,22,True,0,0,132
207,1447250052,3904,1830,0,0,63,22,22,True,0,0,154
208,1447250528,2120,1974,0,0,63,168,22,True,0,0,153
209,1447250599,1936,0,1974,63,0,13,22,False,0,14,133
210,1447250820,2204,6,1982,63,3,321,22,False,0,0,224
211,1447251898,2715,0,1846,63,0,177,22,False,0,0,132
212,1447252235,2908,0,1828,63,0,0,22,False,0,0,151
213,1447252375,2905,1828,0,0,63,19,22,True,0,0,138
214,1447253169,2210,1972,0,0,63,199,22,True,9,72,132
215,1447253608,1756,1854,6,3,63,49,22,True,1,10,132
216,1447253856,2909,0,1924,63,0,42,2,False,0,0,133
217,1447254033,2578,2022,4,3,63,0,22,True,0,0,192
218,1447254711,1757,2047,4,3,63,5,22,True,0,0,138
219,1447255189,2530,1982,0,0,63,96,22,True,0,0,191
220,1447257156,2118,0,1982,63,0,159,22,False,0,0,133
221,1447257814,3004,0,1974,63,3,280,22,False,0,0,132
222,1447258590,2332,2036,0,0,63,16,22,True,0,0,123
223,1447260149,2329,0,1975,63,2,75,22,False,0,0,192
224,1447260641,2525,1972,4,3,63,6,22,True,0,0,133
225,1447260895,2401,0,1974,63,0,4,22,False,0,0,187
226,1447261259,1711,1983,0,0,63,9,22,True,0,0,191
227,1447262082,2539,1958,0,0,63,0,22,True,0,0,138
228,1447264204,3443,1572,0,0,63,106,22,True,0,0,133
229,1447264407,2553,1846,0,0,63,174,22,True,0,0,151
230,1447264469,2269,1980,0,0,63,111,22,True,0,0,187
231,1447265352,2645,1846,0,0,63,31,22,True,0,0,133
232,1447265777,3388,0,1796,51,0,37,22,False,0,0,133
233,1447265983,2494,1974,0,0,63,31,22,True,0,0,111
234,1447266133,2525,1956,4,3,63,5,22,True,0,0,224
235,1447266385,3071,0,2038,63,0,1,22,False,0,0,133
236,1447266489,2457,1844,0,0,63,29,22,True,0,0,153
237,1447266887,1967,0,2047,63,0,0,22,False,0,0,133
238,1447267302,2309,0,2036,63,0,129,22,False,0,0,156
239,1447267677,1572,0,2047,63,0,186,22,False,0,6,132
240,1447269252,1798,1982,6,3,63,14,22,True,0,0,133
241,1447270138,4494,4,0,48,3,89,22,True,0,0,123
242,1447270365,2184,1974,0,0,63,73,22,True,0,0,133
243,1447271316,2763,1846,0,3,63,51,22,True,0,0,152
244,1447271558,1838,2038,6,3,63,82,22,True,0,1,133
245,1447272443,1764,0,2044,63,0,80,22,False,0,0,122
246,1447272919,3827,260,256,48,51,6,2,True,0,0,132
247,1447273332,2106,1974,0,48,63,21,22,True,0,0,133
248,1447274017,3145,1828,0,0,63,144,22,True,0,0,138
249,1447274180,2786,1958,0,0,63,67,22,True,0,0,132
250,1447274823,3163,0,1824,63,0,2,22,False,0,0,112
251,1447274849,2033,1983,0,0,63,133,22,True,0,0,123
252,1447275612,2558,0,1982,63,0,462,22,False,0,0,132
253,1447275797,3209,2038,0,0,63,207,2,True,0,0,138
254,1447276145,2219,1983,0,0,63,167,22,True,0,0,132
255,1447276144,2772,6,1956,63,3,50,22,False,0,0,187
256,1447276617,1762,1982,4,3,63,32,22,True,2,3,138
257,1447276641,1013,2047,1831,63,63,1,22,True,0,1,132
258,1447276691,2420,0,2038,63,0,120,22,False,0,0,191
259,1447277097,1744,2047,4,3,63,203,22,True,0,0,123
260,1447277874,2179,0,1982,63,0,78,22,False,0,0,133
261,1447278087,1964,256,2038,63,48,112,22,False,0,0,138
262,1447278253,2769,1956,256,48,63,111,22,True,0,0,133
263,1447278550,1924,1975,4,3,63,114,22,True,0,0,133
264,1447278619,2073,1983,0,16,63,3,22,True,0,0,132
265,1447279450,2060,2046,0,3,63,297,22,True,0,0,133
266,1447280104,3487,1956,0,0,63,3,22,True,0,0,187
267,1447280252,3581,1926,0,0,51,212,22,True,0,0,122
268,1447280715,4467,1286,0,0,51,409,22,True,0,0,138
269,1447280878,2372,0,1974,63,0,0,22,False,0,0,138
270,1447283648,2110,0,1958,63,0,115,22,False,0,0,112
271,1447284506,3281,1796,0,0,63,1,22,True,0,0,192
272,1447284695,2800,1972,0,0,63,375,22,True,0,0,122
273,1447284858,1524,2046,6,3,63,105,22,True,0,0,133
274,1447285030,2159,1972,0,0,63,0,22,True,0,0,121
275,1447285678,1364,2047,6,15,63,13,22,True,0,0,132
276,1447286051,2669,0,1974,63,0,58,22,False,0,0,123
277,1447286348,2945,0,1572,15,0,36,22,False,0,0,133
278,1447286420,3036,1972,388,51,63,41,22,True,0,0,132
279,1447286621,2056,1846,0,0,63,119,22,True,0,0,184
280,1447286739,2902,0,1926,63,0,17,22,False,0,0,123
281,1447287352,3830,548,384,48,15,176,22,True,0,0,138
282,1447287385,3518,0,1540,3,0,63,22,False,0,0,122
283,1447288097,2373,1958,6,51,63,5,22,True,0,0,111
284,1447289303,3407,262,1572,63,51,164,22,False,1,0,133
285,1447290638,3206,0,1972,63,3,46,22,False,0,0,121
286,1447291252,1571,6,1972,63,3,95,22,False,0,0,112
287,1447291723,1232,1983,0,0,63,17,22,True,0,0,123
288,1447292222,2614,1830,4,3,63,3,22,True,0,0,171
289,1447292826,2987,1828,388,51,63,8,22,True,0,0,204
290,1447293558,3445,1796,0,0,51,6,22,True,0,0,111
291,1447293953,3231,0,1958,63,0,0,22,False,0,0,122
292,1447294470,1230,52,2039,63,15,370,22,False,0,0,132
293,1447294832,1915,2046,0,0,63,3,22,True,0,0,133
294,1447295759,2632,1982,0,0,63,15,22,True,0,0,112
295,1447295821,1560,6,2046,63,3,157,22,False,0,1,138
296,1447296990,3352,0,262,55,0,53,22,False,0,0,138
297,1447297029,3071,512,390,51,2,0,22,True,0,0,111
298,1447297340,1862,0,1982,63,0,156,22,False,0,0,121
299,1447297373,3011,0,1958,63,0,95,22,False,0,0,111
300,1447297405,1796,2047,0,0,63,6,22,True,0,0,133
301,1447297501,2683,1972,388,51,63,13,22,True,0,0,111
302,1447297858,2585,1846,0,12,63,224,22,True,0,0,133
303,1447299821,1995,1958,32,12,63,88,22,True,0,0,155
304,1447300159,2387,0,2036,63,0,8,22,False,0,0,111
305,1447300158,2141,0,1983,63,0,132,22,False,0,0,111
306,1447300178,2487,1972,0,0,63,10,22,True,0,0,121
307,1447302157,4110,1924,0,0,51,243,22,True,2,0,133
308,1447302786,3475,1828,0,0,63,91,22,True,0,0,122
309,1447305229,1610,388,1972,63,51,0,22,False,0,0,133
310,1447305964,2600,1828,0,0,63,70,22,True,0,0,112
311,1447306754,2592,1799,0,0,59,0,2,True,0,0,111
312,1447307516,2760,1846,0,48,63,4,22,True,0,0,122
313,1447307572,2286,2038,4,3,63,70,22,True,0,0,111
314,1447308876,2991,0,1792,49,0,133,22,False,0,0,155
315,1447308908,2569,4,2036,63,3,316,22,False,0,0,171
316,1447309280,3256,1792,260,51,52,73,22,True,0,0,112
317,1447309275,2845,0,1974,63,0,14,22,False,0,0,112
318,1447309356,1720,0,2039,63,0,43,22,False,0,0,155
319,1447309528,2359,1958,0,0,63,4,22,True,0,0,121
320,1447309685,2744,1796,4,3,63,356,22,True,0,0,111
321,1447309958,2910,0,1974,63,0,77,22,False,0,0,223
322,1447310137,2090,384,1830,63,48,12,22,False,0,1,112
323,1447310184,3452,1798,256,48,51,168,22,True,0,0,171
324,1447310318,2741,4,1988,63,3,138,22,False,0,0,151
325,1447310342,3468,1312,260,51,60,126,22,True,0,0,152
326,1447310372,1983,1574,0,0,63,196,22,True,0,0,123
327,1447310469,3053,256,4,3,48,231,22,False,0,0,153
328,1447310577,2902,4,1958,63,3,157,22,False,0,0,152
329,1447310608,2390,1972,0,0,63,262,22,True,0,0,171
330,1447310626,2623,0,1796,63,0,11,22,False,0,0,112
331,1447310733,1765,1983,0,0,63,359,2,True,0,0,111
332,1447310756,2611,1844,0,0,63,27,22,True,0,0,155
333,1447310820,2802,4,1830,63,3,138,22,False,0,0,192
334,1447310851,3248,1574,262,51,63,0,22,True,0,0,151
335,1447310962,2434,1958,0,0,63,88,22,True,0,0,112
336,1447310969,1855,384,1830,63,52,50,22,False,1,0,154
337,1447310995,2944,1958,0,0,63,58,22,True,0,0,122
338,1447311014,2532,0,1974,63,0,231,22,False,0,0,171
339,1447311094,2354,0,2046,63,0,126,22,False,0,0,153
340,1447311112,2334,2039,0,0,63,45,22,True,0,0,153
341,1447311101,2504,0,1926,63,0,0,22,False,0,0,111
342,1447311168,2273,1974,0,0,63,237,22,True,0,0,152
343,1447311144,2625,1974,0,0,63,123,22,True,0,0,155
344,1447311174,3590,1796,0,0,63,100,22,True,0,0,132
345,1447311191,2280,0,2038,63,0,152,22,False,0,0,112
346,1447311234,2762,1952,0,0,63,6,22,True,0,0,111
347,1447311292,1969,1974,256,48,63,112,22,True,0,0,132
348,1447311341,2382,1975,0,0,63,183,22,True,0,0,154
349,1447311344,2581,1588,262,51,63,500,22,True,0,0,151
350,1447311357,1942,260,1982,63,51,196,22,False,0,0,121
351,1447311330,2245,2046,0,0,63,0,22,True,0,0,122
352,1447311372,1541,2039,256,48,63,0,22,True,0,0,225
353,1447311363,1943,1972,0,0,63,266,22,True,0,0,123
354,1447311384,2587,4,1972,63,51,9,22,False,0,0,171
355,1447311407,2206,0,1974,63,0,176,22,False,0,0,132
356,1447311438,2317,6,1840,63,3,72,22,False,0,0,112
357,1447311422,3512,0,262,51,0,97,22,True,0,0,156
358,1447311495,1932,0,2046,63,3,0,2,False,0,1,171
359,1447311509,2867,1798,0,0,51,168,22,True,0,0,152
360,1447311572,2391,774,0,0,51,117,22,True,0,0,156
361,1447311572,3018,1828,0,48,63,0,22,True,0,0,112
362,1447311624,4245,1824,0,0,61,121,22,True,0,0,132
363,1447311616,2023,0,1974,63,0,105,22,False,0,0,133
364,1447311637,2396,0,2046,63,0,125,22,False,0,0,121
365,1447311620,2965,384,1972,63,48,0,22,False,0,0,112
366,1447311642,2486,0,1974,63,0,7,22,False,0,0,155
367,1447311638,2687,0,2046,63,0,16,22,False,0,0,121
368,1447311647,3563,1536,0,0,52,110,22,True,0,0,123
369,1447311652,4233,260,0,48,51,8,22,False,0,0,133
370,1447311661,3949,1924,0,16,63,36,22,True,0,0,155
371,1447311696,3140,0,1956,63,0,83,22,False,0,0,111
372,1447311697,2324,0,1958,63,0,130,22,False,0,0,171
373,1447311708,2654,1828,388,51,63,158,22,True,0,0,156
374,1447311727,2607,4,2038,63,3,83,22,False,0,0,151
375,1447311772,2394,1974,4,3,63,10,22,True,0,0,122
376,1447311777,2966,384,1830,63,48,107,22,False,0,0,112
377,1447311777,3862,1920,0,0,48,58,22,True,0,0,171
378,1447311797,1914,1982,6,3,63,188,22,True,0,0,191
379,1447311810,2008,0,2039,63,0,49,22,False,0,0,138
380,1447311840,2844,390,1536,48,51,26,22,False,0,0,151
381,1447311851,2162,4,1982,63,3,80,22,False,0,0,121
382,1447311867,2443,1975,0,0,63,69,22,True,0,0,155
383,1447311864,2380,2038,0,0,63,111,22,True,0,0,112
384,1447311890,2661,1956,0,0,63,16,22,True,0,0,155
385,1447311899,3808,1540,0,0,3,182,22,True,0,0,122
386,1447311912,2686,1974,0,0,63,2,22,True,0,0,188
387,1447312000,3165,0,1974,63,0,356,22,False,0,0,122
388,1447312008,1708,0,1974,63,0,45,22,False,0,0,153
389,1447312014,1935,0,2036,63,0,89,22,False,0,0,112
390,1447312028,3327,0,1798,59,0,136,22,False,0,0,153
391,1447312036,3246,1846,0,0,63,112,22,True,0,0,153
392,1447312036,1648,1983,256,48,63,96,22,True,0,0,111
393,1447312084,2158,1982,0,0,63,111,22,True,0,0,112
394,1447312124,1897,0,1974,63,0,105,22,False,0,0,112
395,1447312156,1957,0,2039,63,0,2,22,False,0,0,155
396,1447312178,2269,0,1974,63,0,10,22,False,0,0,204
397,1447312224,2429,1974,0,0,63,145,22,True,0,0,152
398,1447312226,3540,390,1056,60,51,111,22,False,0,0,121
399,1447312260,2637,2038,4,3,63,206,22,True,0,0,122
400,1447312281,2370,1844,454,51,63,92,22,True,0,0,145
401,1447312316,1903,2046,6,3,63,202,22,True,0,0,121
402,1447312346,1971,2046,0,0,63,238,22,True,0,0,112
403,1447312358,3631,1828,0,0,63,0,22,True,0,0,171
404,1447312366,2177,1974,4,3,63,104,22,True,0,0,112
405,1447312416,2356,0,2038,63,0,97,22,False,0,0,171
406,1447312429,2476,2038,4,3,63,172,22,True,0,0,122
407,1447312437,1889,0,1975,63,0,151,22,False,0,0,121
408,1447312447,1946,1983,0,0,63,0,22,True,0,0,123
409,1447312472,3733,0,1828,63,0,43,22,False,0,0,156
410,1447312512,4321,1280,0,0,48,124,22,True,0,0,138
411,1447312510,2882,1828,390,51,63,154,22,True,0,0,171
412,1447312516,3535,0,1974,63,0,328,22,False,0,0,112
413,1447312516,2414,0,1846,63,0,74,22,False,0,0,171
414,1447312509,2046,1846,260,51,63,101,22,True,0,0,152
415,1447312561,3079,0,1846,63,0,75,22,False,0,0,111
416,1447312580,3243,0,2038,63,0,115,22,False,0,0,111
417,1447312596,2741,1574,0,0,63,52,22,True,0,0,154
418,1447312628,3351,256,512,3,48,0,22,False,0,0,151
419,1447312638,2516,384,1972,63,51,54,22,False,0,0,171
420,1447312645,2797,0,1974,63,3,184,22,False,0,0,154
421,1447312658,2246,0,1972,63,0,13,22,False,0,0,121
422,1447312692,2184,2038,0,0,63,62,22,True,0,0,171
423,1447312699,1595,4,2047,63,3,0,22,False,0,0,155
424,1447312688,3222,0,1846,63,0,26,22,False,0,0,153
425,1447312722,2372,0,1958,63,0,138,22,False,0,0,154
426,1447312780,1850,2038,0,0,63,4,22,True,0,0,171
427,1447312796,1750,2046,0,3,63,78,22,True,0,0,123
428,1447312798,2594,4,1828,63,3,0,22,False,0,0,122
429,1447312824,2334,0,2046,63,0,98,22,False,0,0,152
430,1447312823,2624,0,1924,63,48,18,22,False,0,0,155
431,1447312845,1763,1983,0,0,63,0,22,True,0,0,121
432,1447312879,3630,516,262,51,3,351,22,True,0,0,112
433,1447312858,2636,1972,388,51,63,100,22,True,0,0,133
434,1447312895,3462,0,1846,63,0,324,22,False,0,0,171
435,1447312946,1522,0,2044,63,0,12,22,False,0,0,123
436,1447312964,1623,1980,4,19,63,392,22,True,0,0,122
437,1447312979,2508,1983,4,3,63,8,22,True,0,0,171
438,1447313024,2083,2038,6,3,63,124,22,True,0,0,133
439,1447313008,1031,36,2047,63,15,128,22,False,0,0,155
440,1447313062,2753,4,1972,63,3,62,22,False,0,0,155
441,1447313084,2156,1798,0,0,63,53,22,True,0,0,171
442,1447313121,2578,1846,256,48,63,29,22,True,0,0,138
443,1447313131,1967,1844,0,0,63,0,22,True,0,0,123
444,1447313134,2793,1824,0,0,60,52,22,True,0,0,132
445,1447313149,3290,1792,0,0,60,160,22,True,0,0,171
446,1447313197,2087,6,2036,63,3,170,22,False,0,0,154
447,1447313213,2987,0,1972,63,0,4,22,False,0,0,156
448,1447313215,1538,1982,0,0,63,91,22,True,0,0,133
449,1447313237,2317,1983,0,0,63,206,22,True,0,0,151
450,1447313232,2569,1982,390,51,63,10,22,True,0,0,171
451,1447313230,2757,0,1974,63,0,335,22,False,0,0,151
452,1447313239,2766,1974,0,0,63,127,22,True,0,0,112
453,1447313243,2403,1974,0,0,63,89,22,True,0,0,151
454,1447313250,2339,2046,0,0,63,3,22,True,0,0,112
455,1447313269,1951,256,1975,63,48,0,22,False,0,0,171
456,1447313252,3032,4,1974,63,3,129,22,False,0,0,171
457,1447313270,2265,6,1974,63,3,4,22,False,0,0,155
458,1447313269,2359,1980,32,12,63,292,22,True,0,0,132
459,1447313273,2781,1974,0,0,63,322,22,True,0,0,122
460,1447313292,3033,1844,0,0,63,144,22,True,0,0,122
461,1447313303,4847,0,0,48,0,387,22,False,0,0,112
462,1447313308,2207,2047,0,0,63,154,22,True,0,0,112
463,1447313325,3051,1846,4,3,63,3,22,True,0,0,171
464,1447313338,1821,0,2047,63,0,7,22,False,0,0,171
465,1447313336,2992,0,1792,48,0,11,22,False,0,0,171
466,1447313358,2852,4,1974,63,3,22,22,False,0,0,225
467,1447313380,2048,1846,0,0,63,93,22,True,0,0,155
468,1447313399,1927,0,2047,63,0,10,22,False,0,0,151
469,1447313399,2902,0,1959,63,0,189,22,False,0,0,156
470,1447313393,1871,1854,0,0,63,88,22,True,0,0,111
471,1447313450,2572,1846,4,3,63,70,22,True,0,0,112
472,1447313516,2705,0,2047,63,0,80,22,False,0,0,132
473,1447313507,2704,1828,384,48,63,13,22,True,0,0,112
474,1447313553,1900,2047,0,0,63,3,22,True,0,0,204
475,1447313573,3164,772,4,3,51,138,22,True,0,0,156
476,1447313569,2855,0,1924,51,0,55,22,False,0,0,154
477,1447313597,2029,1974,388,51,63,114,22,True,0,0,171
478,1447313596,2806,0,2038,63,0,6,22,False,0,0,111
479,1447313613,3621,0,1828,63,0,358,22,False,0,0,154
480,1447313647,2691,0,1830,63,0,265,22,False,0,0,132
481,1447313650,1946,2039,4,3,63,54,22,True,0,0,156
482,1447313639,2426,0,1956,63,0,255,22,False,0,0,151
483,1447313688,2563,0,1542,51,32,16,22,False,0,0,156
484,1447313694,2573,0,1974,63,0,9,22,False,0,0,152
485,1447313725,1642,2047,6,3,63,11,22,True,0,0,122
486,1447313736,2631,1975,0,0,63,134,22,True,0,0,155
487,1447313752,1745,1855,0,0,63,0,22,True,0,0,154
488,1447313750,1743,2046,6,3,63,271,22,True,0,0,153
489,1447313768,1593,0,2046,63,3,37,22,False,0,0,121
490,1447313766,2995,1844,0,0,63,19,22,True,0,0,112
491,1447313783,2617,0,1540,15,0,11,22,False,0,0,123
492,1447313778,3408,0,1536,2,0,114,22,False,0,0,112
493,1447313804,2348,1974,0,0,63,4,2,True,0,0,155
494,1447313816,2911,0,1798,63,0,49,22,False,0,0,138
495,1447313820,1875,0,1982,63,0,24,22,False,0,0,111
496,1447313808,1737,2047,32,12,63,119,22,True,0,0,132
497,1447313865,2551,1846,256,48,63,4,22,True,0,0,152
498,1447313872,1996,1975,0,0,63,128,22,True,0,0,156
499,1447313922,3505,256,32,12,51,12,22,True,0,0,171
500,1447313937,2632,1974,0,0,63,11,22,True,0,0,171
501,1447313935,2067,1974,0,0,63,4,22,True,0,0,153
502,1447313941,1760,0,2038,63,0,118,22,False,0,0,156
503,1447313939,2586,2038,4,3,63,36,22,True,0,0,112
504,1447313970,1781,0,1982,63,0,75,22,False,0,0,123
505,1447314028,1847,1980,4,3,63,0,22,True,0,0,132
506,1447314031,1996,2046,0,0,63,223,22,True,0,0,121
507,1447314054,1797,1974,0,0,63,99,22,True,0,0,121
508,1447314113,2947,1540,0,0,3,0,22,True,0,0,154
509,1447314150,1826,2022,6,3,63,246,22,True,0,0,154
510,1447314173,2183,1975,0,0,63,96,22,True,0,0,151
511,1447314177,1950,1982,0,0,63,189,22,True,0,0,111
512,1447314190,1599,0,2036,63,0,164,22,False,0,0,132
513,1447314203,4558,0,1830,63,0,52,22,False,0,0,112
514,1447314225,2391,1830,0,0,63,142,22,True,0,0,121
515,1447314228,3022,390,1540,63,51,175,22,False,0,0,154
516,1447314244,2525,2036,0,0,63,161,22,True,0,0,111
517,1447314271,1959,4,2046,63,3,130,22,False,0,0,154
518,1447314325,2947,1956,0,0,63,21,22,True,0,0,122
519,1447314340,1850,1844,0,0,63,0,22,True,0,0,132
520,1447314358,1658,0,2047,63,0,138,22,False,0,0,121
521,1447314388,2849,388,1828,63,51,156,22,False,0,0,171
522,1447314393,2743,384,1974,63,48,151,22,False,0,0,121
523,1447314422,2147,0,2039,63,0,170,22,False,0,0,111
524,1447314458,2674,1830,0,0,63,395,22,True,0,0,171
525,1447314479,2250,1983,0,0,63,124,22,True,0,0,152
526,1447314492,2028,4,2047,63,3,0,22,False,0,0,154
527,1447314481,2461,1542,0,0,7,87,22,True,0,0,132
528,1447314524,2308,1972,262,59,63,0,22,True,0,0,152
529,1447314530,1688,1974,0,2,63,6,22,True,0,0,156
530,1447314584,3173,0,1828,63,0,101,22,False,0,0,171
531,1447314614,2458,1974,0,48,63,110,22,True,0,0,155
532,1447314631,1839,1983,0,0,63,7,22,True,0,0,155
533,1447314695,2346,4,1974,63,3,97,22,False,0,0,153
534,1447314683,3122,0,1796,63,0,7,22,False,0,0,151
535,1447314668,1358,2047,4,3,63,256,22,True,0,0,145
536,1447314714,2934,390,1536,2,51,63,22,False,0,0,156
537,1447314748,3141,390,0,4,51,168,22,False,0,0,151
538,1447314759,2244,256,1958,63,48,17,22,False,0,0,121
539,1447314865,3494,1536,0,0,48,121,22,True,0,0,122
540,1447314904,3392,0,388,51,0,119,22,False,0,0,155
541,1447314907,2177,0,2036,63,0,240,22,False,0,0,171
542,1447314910,1915,0,2046,63,0,8,22,False,0,0,151
543,1447314926,3551,0,1926,59,0,4,22,False,0,0,171
544,1447314937,1805,0,2047,63,0,12,22,False,0,0,154
545,1447314941,3388,1972,0,16,63,194,22,True,0,0,156
546,1447314974,2670,4,4,19,3,8,22,False,0,0,156
547,1447314958,2227,1952,0,0,60,314,22,True,0,0,138
548,1447315069,2035,1980,0,0,63,283,22,True,0,0,123
549,1447315059,3054,0,1924,59,0,99,22,False,0,0,171
550,1447315096,2342,0,1974,63,0,188,22,False,0,0,155
551,1447315099,2918,1828,448,48,63,13,22,True,0,0,121
552,1447315136,1978,0,1975,63,4,3,22,False,0,0,112
553,1447315127,2150,0,1980,63,0,135,22,False,0,0,156
554,1447315135,1878,2046,0,0,63,164,22,True,0,0,151
555,1447315174,2107,2046,4,3,63,15,22,True,0,0,122
556,1447315212,1964,0,2038,63,0,94,22,False,0,0,154
557,1447315214,3037,384,1572,63,48,93,22,False,0,0,121
558,1447315228,1926,2038,4,3,63,145,22,True,0,0,132
559,1447315261,2319,0,1974,63,0,164,22,False,0,0,152
560,1447315277,1878,0,2039,63,0,7,22,False,0,0,151
561,1447315329,2237,2039,0,0,63,2,22,True,0,0,171
562,1447315361,1936,0,2038,63,0,109,22,False,0,0,154
563,1447315376,1336,2047,0,0,63,86,22,True,0,0,171
564,1447315383,900,1974,2047,63,63,142,22,False,0,0,123
565,1447315409,1828,0,2046,63,0,4,22,False,0,0,123
566,1447315441,4103,0,1828,63,32,106,22,False,0,0,111
567,1447315467,2381,0,1974,63,0,1,22,False,0,0,171
568,1447315481,3180,0,1956,63,0,3,22,False,0,0,133
569,1447315487,3851,0,900,51,0,74,22,False,0,0,171
570,1447315505,1603,1974,4,3,63,7,22,True,0,0,123
571,1447315514,3008,0,1830,63,0,51,22,False,0,0,155
572,1447315515,1653,0,2046,63,0,371,22,False,0,0,156
573,1447315527,2082,4,1798,63,3,89,22,False,0,0,138
574,1447315543,1215,4,2047,63,3,206,2,False,0,0,138
575,1447315619,3141,0,1974,63,0,257,22,False,0,0,123
576,1447315599,2248,0,1972,63,0,6,22,False,0,0,133
577,1447315635,2133,2046,0,0,63,152,22,True,0,0,112
578,1447315638,2714,1974,0,0,63,198,22,True,0,0,155
579,1447315635,2124,6,2046,63,3,148,22,False,0,0,132
580,1447315628,2164,1974,0,0,63,17,22,True,0,0,133
581,1447315646,1896,4,1974,63,3,174,22,False,0,0,133
582,1447315701,3039,1798,0,0,51,241,22,True,0,0,171
583,1447315706,2465,0,1972,63,0,144,22,False,0,0,122
584,1447315780,2848,0,1830,63,0,66,22,False,0,0,133
585,1447315756,2103,0,1974,63,0,100,22,False,0,0,133
586,1447315802,2520,2036,0,0,63,16,22,True,0,0,171
587,1447315828,2480,0,1976,63,1,179,22,False,0,0,153
588,1447315826,2452,0,1844,63,0,91,22,False,0,0,122
589,1447315821,2840,0,1846,63,0,214,22,False,0,0,171
590,1447315867,1764,1852,0,0,63,51,22,True,0,0,171
591,1447315893,3217,0,1796,51,0,98,22,False,0,0,151
592,1447315907,1743,2046,0,0,63,130,22,True,0,0,154
593,1447315938,2814,260,1844,63,51,286,22,False,0,0,171
594,1447316021,1629,1974,0,0,63,3,22,True,0,0,154
595,1447316022,2368,1982,256,48,63,60,22,True,0,0,144
596,1447316045,2447,0,1972,63,0,9,22,False,0,0,123
597,1447316040,3156,4,1974,63,3,24,22,False,0,0,111
598,1447316087,3820,36,388,51,15,116,22,True,0,0,155
599,1447316103,1871,0,2047,63,0,17,22,False,0,0,171
600,1447316127,3271,6,1972,63,3,8,22,False,0,0,151
601,1447316129,2300,1983,0,0,63,167,22,True,0,0,155
602,1447316135,1622,0,2047,63,0,248,22,False,0,0,121
603,1447316113,2660,0,1844,63,0,85,22,False,0,0,171
604,1447316131,3034,4,1824,63,3,145,22,False,0,0,182
605,1447316167,2985,0,1958,63,0,128,22,False,0,0,171
606,1447316215,2857,1974,0,0,63,54,22,True,0,0,112
607,1447316253,2300,0,2046,63,0,19,22,False,0,0,171
608,1447316263,3189,256,6,3,48,52,22,True,0,0,123
609,1447316304,2215,384,1974,63,48,129,22,False,0,0,171
610,1447316321,1911,391,1974,63,51,158,22,False,0,0,171
611,1447316360,1860,0,2046,63,0,91,22,False,0,0,171
612,1447316366,1775,1983,0,16,63,0,22,True,0,0,156
613,1447316357,2594,1958,0,0,63,113,22,True,0,0,171
614,1447316370,2373,256,1974,63,48,38,22,False,0,0,151
615,1447316369,1554,2047,4,3,63,0,22,True,0,0,171
616,1447316374,2727,1796,260,51,51,11,22,True,0,0,153
617,1447316364,1225,6,2046,63,3,3,22,False,0,0,132
618,1447316377,2529,0,2047,63,0,1,22,False,0,0,111
619,1447316373,2799,0,1796,63,0,65,22,False,0,0,153
620,1447316424,1095,2047,0,0,63,90,22,True,0,0,171
621,1447316423,2060,54,1974,63,15,5,22,False,0,0,204
622,1447316439,4126,0,1568,15,0,2,22,False,0,0,112
623,1447316442,1651,1982,1536,12,63,5,22,True,0,0,132
624,1447316449,2761,6,1828,63,3,297,22,False,0,0,123
625,1447316466,1709,6,2046,63,3,74,22,False,0,0,171
626,1447316480,1842,0,2038,63,0,254,22,False,0,0,155
627,1447316521,1766,1975,388,51,63,121,22,True,0,0,154
628,1447316531,2010,2038,0,0,63,39,22,True,0,0,151
629,1447316565,1831,0,1980,63,0,216,22,False,0,0,121
630,1447316535,2642,0,2038,63,0,12,22,False,0,0,154
631,1447316564,2635,0,900,63,0,75,22,False,0,0,151
632,1447316606,2790,1572,256,48,15,102,22,True,0,0,171
633,1447316662,1301,0,2047,63,0,61,22,False,0,0,112
634,1447316651,4038,0,388,51,0,111,22,False,0,0,133
635,1447316671,2155,0,2038,63,0,170,22,False,0,0,138
636,1447316672,3548,0,6,3,0,44,22,False,0,0,191
637,1447316673,2417,1972,6,3,63,111,22,True,0,0,152
638,1447316704,2142,256,1983,63,48,181,22,False,0,0,155
639,1447316709,3208,1968,0,0,62,155,22,True,0,0,121
640,1447316704,2250,1974,0,0,63,100,22,True,0,0,138
641,1447316697,2057,1983,0,0,63,0,22,True,0,0,154
642,1447316697,3195,0,1972,63,0,155,22,False,0,0,145
643,1447316717,2151,0,1982,63,0,117,22,False,0,0,123
644,1447316746,3180,1536,0,0,51,54,22,True,0,0,156
645,1447316731,2805,0,2038,63,0,51,22,False,0,0,153
646,1447316753,2978,4,432,60,3,117,22,False,0,0,153
647,1447316751,2115,0,1974,63,0,191,22,False,0,0,154
648,1447316787,2940,0,1974,63,0,6,22,False,0,0,151
649,1447316818,2349,2038,0,0,63,29,22,True,0,0,223
650,1447316790,2485,4,1974,63,3,3,22,False,0,0,153
651,1447316831,2418,1974,0,0,63,74,22,True,0,0,133
652,1447316839,3066,0,1846,63,51,200,22,False,0,0,171
653,1447316819,2550,1584,0,0,60,53,22,True,0,0,144
654,1447316905,3895,1926,0,0,63,224,22,True,0,0,151
655,1447316873,3034,0,1828,63,4,156,22,False,0,0,156
656,1447316908,3506,452,32,12,51,0,22,False,0,0,112
657,1447316919,2432,6,1982,63,3,136,22,False,0,0,132
658,1447316929,2377,1974,4,3,63,275,22,True,0,0,138
659,1447316943,2581,1974,0,0,63,401,22,True,0,0,156
660,1447317008,3068,0,1958,63,0,112,22,False,0,0,154
661,1447317037,2888,1792,0,0,58,499,22,True,0,0,133
662,1447317043,2401,1844,4,51,63,0,22,True,0,0,154
663,1447317082,3591,1924,0,0,51,379,22,True,0,0,171
664,1447317085,3619,1796,0,0,55,407,22,True,0,0,171
665,1447317131,2527,0,1974,63,3,171,22,False,0,0,133
666,1447317105,2328,1982,0,0,63,213,22,True,0,0,151
667,1447317165,2503,1974,4,3,63,363,22,True,0,0,154
668,1447317151,1976,0,2047,63,0,10,22,False,1,0,151
669,1447317199,1905,2039,0,0,63,140,22,True,0,0,132
670,1447317214,1544,1975,384,48,63,36,22,True,0,0,182
671,1447317236,2075,1846,0,0,63,50,22,True,0,0,151
672,1447317242,2165,1982,6,3,63,189,22,True,0,0,138
673,1447317275,2317,1983,260,51,63,80,22,True,0,0,155
674,1447317291,2636,0,2039,63,0,70,22,False,0,0,111
675,1447317323,2343,1828,0,0,63,48,22,True,0,0,123
676,1447317334,2101,1972,4,3,63,13,22,True,0,0,171
677,1447317341,2808,1840,4,3,63,212,22,True,0,0,122
678,1447317423,2996,1968,0,0,60,42,22,True,0,0,111
679,1447317450,3229,1828,0,0,63,295,22,True,0,0,171
680,1447317469,2757,0,1974,63,0,36,22,False,0,0,132
681,1447317451,3402,0,1924,55,0,32,22,False,0,0,132
682,1447317480,1729,4,2046,63,3,0,22,False,0,0,152
683,1447317480,1763,2046,6,3,63,74,22,True,0,0,151
684,1447317493,2630,1828,0,0,63,54,22,True,0,0,156
685,1447317515,1972,0,1982,63,0,70,22,False,0,0,171
686,1447317529,1909,2047,0,0,63,6,22,True,0,0,154
687,1447317548,2072,2046,0,0,63,4,22,True,0,0,155
688,1447317550,2303,1855,0,0,63,89,22,True,0,0,156
689,1447317571,2855,1828,0,0,63,66,22,True,0,0,111
690,1447317612,3123,1540,390,51,3,96,22,True,0,0,204
691,1447317614,2710,1975,0,0,63,2,22,True,0,0,133
692,1447317617,3544,260,1540,51,55,119,22,False,0,0,133
693,1447317614,2559,0,1590,63,0,8,22,False,0,0,123
694,1447317635,2425,0,1990,51,2,60,22,False,0,0,156
695,1447317636,3630,1974,256,48,63,117,22,True,0,0,171
696,1447317683,2384,2038,0,0,63,94,22,True,0,0,138
697,1447317685,2174,1975,0,0,63,8,22,True,0,0,112
698,1447317678,4300,772,0,0,51,416,22,True,0,0,112
699,1447317714,3029,0,1974,63,0,0,22,False,0,0,123
700,1447317742,1411,1982,0,0,63,82,22,True,0,0,171
701,1447317756,2825,1796,6,3,63,24,22,True,0,0,156
702,1447317802,2011,1982,0,0,63,121,22,True,0,0,133
703,1447317805,1985,2047,0,0,63,179,22,True,0,0,121
704,1447317827,1755,1982,6,3,63,69,22,True,0,0,153
705,1447317819,1994,1974,6,3,63,136,22,True,0,0,153
706,1447317846,2937,1830,0,0,63,195,22,True,0,0,156
707,1447317863,2517,1844,0,0,63,0,22,True,0,0,156
708,1447317874,2944,548,384,51,15,6,22,True,0,0,151
709,1447317908,2345,2039,0,0,63,0,22,True,0,0,155
710,1447317985,2922,1796,0,0,63,240,22,True,0,0,112
711,1447318005,1519,2038,6,3,63,174,22,True,0,0,132
712,1447318068,1190,390,1983,63,51,2,22,False,0,1,155
713,1447318079,3235,1956,0,32,63,149,22,True,0,0,132
714,1447318089,4901,1536,0,0,2,103,22,True,0,0,155
715,1447318089,2679,1828,0,0,63,78,22,True,0,0,132
716,1447318105,2271,1958,4,3,63,172,22,True,0,0,171
717,1447318111,2531,0,1974,63,0,207,22,False,0,0,144
718,1447318118,3352,0,1958,63,0,3,22,False,0,0,154
719,1447318146,1519,0,2047,63,0,3,22,False,0,0,138
720,1447318183,2021,0,1926,59,0,152,22,False,0,1,132
721,1447318190,2972,1926,4,3,63,8,22,True,0,0,154
722,1447318205,2463,1958,256,48,63,15,22,True,0,0,122
723,1447318216,2476,0,1956,63,0,43,22,False,0,0,171
724,1447318270,2837,0,256,51,0,47,22,False,0,0,153
725,1447318280,2475,1846,0,0,63,197,22,True,0,0,155
726,1447318258,2124,0,1974,63,0,0,22,False,0,0,156
727,1447318276,1605,390,1844,63,51,0,22,False,0,0,133
728,1447318309,1712,2046,0,0,63,233,22,True,0,0,112
729,1447318303,2257,1974,4,3,63,93,22,True,0,0,171
730,1447318322,3071,0,1796,63,0,99,22,False,0,0,133
731,1447318359,3187,0,2039,63,0,56,22,False,0,0,151
732,1447318375,3229,1958,256,48,63,0,22,True,0,0,156
733,1447318387,3337,1572,0,0,15,10,22,True,0,0,152
734,1447318394,2891,1958,262,51,63,34,22,True,0,0,191
735,1447318394,1708,2047,0,0,63,112,22,True,0,0,154
736,1447318410,2714,1926,0,0,63,50,22,True,0,0,171
737,1447318424,2032,0,2046,63,0,50,22,False,0,0,111
738,1447318410,2120,0,2046,63,0,353,22,False,0,0,181
739,1447318429,2892,0,1830,63,0,3,22,False,0,0,153
740,1447318505,2287,262,1440,60,51,132,22,False,0,0,151
741,1447318507,2716,0,1958,63,0,62,22,False,0,1,171
742,1447318508,2319,256,1572,63,48,0,22,False,0,0,132
743,1447318511,2326,2047,256,48,63,7,22,True,0,0,155
744,1447318520,2336,4,1844,63,3,82,22,False,0,0,133
745,1447318517,2346,1975,0,0,63,5,22,True,0,0,122
746,1447318605,2808,544,6,43,15,180,22,True,0,0,223
747,1447318602,1440,2046,256,48,63,76,22,True,0,0,133
748,1447318634,2616,390,1540,23,51,89,22,False,0,0,133
749,1447318694,2201,1982,0,0,63,57,22,True,0,0,153
750,1447318671,2886,1972,0,0,63,150,22,True,0,0,225
751,1447318684,3311,1975,0,0,63,63,22,True,0,0,154
752,1447318698,2174,0,1974,63,0,115,22,False,0,0,171
753,1447318752,3935,0,260,51,0,484,22,False,0,0,156
754,1447318773,1599,4,1983,63,3,69,22,False,0,0,152
755,1447318825,1670,2047,0,0,63,10,22,True,0,0,171
756,1447318835,2752,0,2022,63,0,15,22,False,0,0,111
757,1447318845,1530,1983,0,0,63,92,22,True,0,0,171
758,1447318869,2754,1974,0,0,63,13,22,True,0,0,152
759,1447318879,2199,0,2039,63,0,39,22,False,0,0,133
760,1447318906,2275,6,2044,63,3,4,22,False,0,0,152
761,1447318917,2598,0,1974,63,0,204,22,False,0,0,122
762,1447318906,2227,0,2039,63,0,106,22,False,0,0,171
763,1447318935,1862,1982,4,3,63,87,22,True,0,0,112
764,1447318942,2244,1983,0,0,63,3,22,True,0,0,153
765,1447318942,1691,2047,0,0,63,10,22,True,0,0,132
766,1447319000,1590,4,2046,63,3,62,22,False,0,0,155
767,1447319048,2523,0,1824,63,0,106,22,False,0,0,132
768,1447319068,1779,0,1958,63,0,65,22,False,0,0,132
769,1447319066,2445,262,1958,63,51,0,22,False,0,0,171
770,1447319085,1185,1983,384,48,63,0,22,True,0,0,191
771,1447319086,3197,262,0,0,51,0,22,False,0,0,151
772,1447319103,2381,6,1846,63,3,216,22,False,0,0,171
773,1447319138,2675,1590,0,0,63,227,22,True,0,0,112
774,1447319153,4163,0,1824,60,0,74,22,False,0,0,171
775,1447319186,2198,1974,6,3,63,151,22,True,0,0,132
776,1447319214,2390,1972,0,0,63,7,22,True,0,0,132
777,1447319230,2446,0,1972,63,0,47,22,False,0,0,122
778,1447319229,2906,454,516,7,51,14,22,False,0,0,154
779,1447319234,1283,2046,1542,11,63,24,22,True,0,0,121
780,1447319251,1621,0,2046,63,0,149,22,False,0,0,191
781,1447319255,4115,1536,256,48,3,253,22,True,0,0,171
782,1447319244,2799,388,1975,63,51,182,22,False,0,0,181
783,1447319267,3627,1830,0,51,63,0,22,True,0,0,171
784,1447319254,2362,1974,6,3,63,82,22,True,0,0,132
785,1447319307,2248,0,1926,51,0,164,22,False,0,0,155
786,1447319308,2706,1840,390,59,60,111,22,True,0,0,151
787,1447319315,2147,0,1844,63,0,128,22,False,0,0,132
788,1447319330,2165,1983,0,0,63,2,22,True,0,0,154
789,1447319353,2123,1840,0,0,63,10,22,True,0,0,133
790,1447319346,2788,2039,0,0,63,108,22,True,0,0,111
791,1447319358,2271,1974,0,0,63,143,22,True,0,0,151
792,1447319384,2554,0,1924,63,0,10,22,False,0,0,155
793,1447319410,2355,0,1572,63,0,198,22,False,0,0,181
794,1447319444,2402,1956,6,3,63,170,22,True,0,0,112
795,1447319452,2003,1974,0,0,63,249,22,True,0,0,171
796,1447319457,2875,0,1956,63,0,228,22,False,0,0,132
797,1447319465,1422,1982,4,3,63,22,22,True,0,0,191
798,1447319471,2235,6,1972,63,3,25,22,False,0,0,192
799,1447319495,2670,6,1846,63,3,33,22,False,0,0,133
800,1447319480,1801,2046,6,3,63,56,22,True,0,0,133
801,1447319508,3731,0,1540,51,0,222,22,False,0,0,123
802,1447319516,2654,1972,0,0,63,63,22,True,0,0,111
803,1447319520,2353,0,1982,63,0,184,22,False,0,0,132
804,1447319529,1990,1974,0,3,63,144,22,True,0,0,132
805,1447319545,2845,384,4,19,48,120,22,False,0,0,155
806,1447319556,1443,2047,6,3,63,274,22,True,0,0,138
807,1447319569,2075,6,1974,63,3,43,22,False,0,0,133
808,1447319597,2527,1974,0,0,63,106,22,True,0,0,156
809,1447319622,2212,1844,0,0,63,236,22,True,0,0,171
810,1447319653,1916,0,2047,63,0,60,22,False,0,0,132
811,1447319684,1882,0,2036,63,0,0,22,False,0,0,155
812,1447319693,3178,0,1572,63,0,45,22,False,0,0,192
813,1447319691,1475,2047,0,0,63,43,22,True,0,0,171
814,1447319703,1608,1855,384,48,63,215,22,True,0,0,132
815,1447319718,3941,0,1798,51,0,273,22,False,0,0,138
816,1447319786,1693,0,1846,63,0,149,22,False,0,0,171
817,1447319798,2214,0,1588,63,0,8,22,False,0,0,171
818,1447319803,2417,1972,0,0,63,76,22,True,0,0,171
819,1447319827,4049,0,1924,63,0,316,22,False,0,0,153
820,1447319844,2642,4,1982,63,3,122,22,False,0,0,138
821,1447319845,2560,0,1958,63,0,104,22,False,0,0,151
822,1447319864,2046,6,1974,63,3,79,22,False,0,0,171
823,1447319870,2604,1854,0,0,63,10,22,True,0,0,171
824,1447319904,1775,7,1976,63,3,47,22,False,0,0,132
825,1447319923,2606,0,1974,63,0,126,22,False,0,0,154
826,1447319927,1894,6,2046,63,3,4,22,False,0,0,154
827,1447319951,3376,0,1540,63,0,12,22,False,0,0,155
828,1447319951,3987,1796,0,0,59,106,22,True,0,0,111
829,1447319973,3399,1956,256,48,63,21,22,True,0,0,171
830,1447319996,1831,2047,0,0,63,211,22,True,0,0,145
831,1447320017,2534,0,1974,63,0,154,22,False,0,0,122
832,1447320023,1766,1983,0,3,63,0,22,True,0,0,155
833,1447320049,1664,0,2046,63,0,365,22,False,0,0,171
834,1447320100,3381,260,256,52,51,127,22,False,0,0,151
835,1447320104,1611,2038,0,0,63,70,22,True,0,0,171
836,1447320111,866,256,2047,63,48,122,22,False,0,0,122
837,1447320107,2494,1974,384,48,63,0,22,True,0,0,152
838,1447320118,2181,0,2047,63,0,9,22,False,0,0,156
839,1447320156,3057,0,1958,63,0,24,22,False,0,0,156
840,1447320185,2451,0,1972,63,0,8,22,False,0,0,153
841,1447320180,2588,1798,256,48,51,143,22,True,0,0,153
842,1447320180,2781,548,0,0,15,0,22,True,0,0,112
843,1447320196,2217,0,1983,63,0,145,22,False,0,0,122
844,1447320219,1410,2047,0,3,63,63,22,True,0,0,171
845,1447320225,2600,4,1830,63,3,164,22,False,0,0,155
846,1447320312,2717,0,1846,63,0,82,22,False,0,0,152
847,1447320324,1456,1983,0,0,63,101,22,True,0,0,123
848,1447320356,3133,0,1846,63,0,80,22,False,0,0,154
849,1447320394,2896,1974,0,0,63,302,22,True,0,0,132
850,1447320394,1956,2038,4,3,63,23,22,True,0,0,154
851,1447320375,2753,1974,0,0,63,133,22,True,0,0,155
852,1447320407,2232,0,1846,63,0,53,22,False,0,0,112
853,1447320423,1701,260,2038,63,51,2,22,False,0,0,132
854,1447320423,1596,2047,256,48,63,0,22,True,0,0,151
855,1447320449,2966,0,1844,63,0,110,22,False,0,0,154
856,1447320479,2109,1846,256,48,63,54,22,True,0,0,156
857,1447320470,4399,1796,0,0,63,0,22,True,0,0,181
858,1447320501,3550,0,1846,63,0,45,22,False,0,0,121
859,1447320510,1714,2046,0,0,63,46,22,True,0,0,138
860,1447320508,3023,388,1828,63,51,4,22,False,0,0,151
861,1447320612,1868,1974,0,0,63,18,22,True,0,0,132
862,1447320618,2488,0,1590,63,0,101,22,False,0,0,132
863,1447320641,3423,0,1958,63,0,141,22,False,0,0,156
864,1447320711,3282,1972,4,3,63,102,22,True,0,0,133
865,1447320774,2520,4,0,0,19,4,22,True,0,0,152
866,1447320772,3658,1828,0,0,63,118,22,True,0,0,181
867,1447320835,2141,0,2038,63,0,88,22,False,0,0,121
868,1447320872,2383,0,1974,63,0,3,22,False,0,0,155
869,1447320866,1944,384,1844,63,48,99,22,False,0,0,122
870,1447320866,3013,0,1956,63,0,146,22,False,0,0,111
871,1447320879,2296,0,1974,63,0,104,22,False,0,0,153
872,1447320900,2470,0,1974,63,0,239,22,False,0,0,133
873,1447320900,3178,0,1968,60,0,109,22,False,0,0,171
874,1447320927,2248,0,1974,63,0,14,22,False,0,0,155
875,1447320952,2727,0,2023,63,0,168,22,False,0,0,153
876,1447320945,2273,0,2038,63,0,378,22,False,0,0,138
877,1447320990,2542,0,1572,47,0,84,22,False,0,0,151
878,1447321019,2578,1968,0,0,63,0,22,True,0,0,155
879,1447321042,1819,2036,4,3,63,136,22,True,0,0,156
880,1447321083,2123,4,1972,63,3,14,22,False,0,0,171
881,1447321114,1903,2039,0,2,63,0,22,True,0,0,111
882,1447321145,3533,0,1792,50,0,10,22,False,0,0,123
883,1447321136,1994,1982,0,0,63,179,22,True,0,0,154
884,1447321161,2397,1575,0,0,63,64,22,True,0,0,181
885,1447321179,3135,0,1844,63,0,190,22,False,0,0,171
886,1447321215,2613,0,1958,63,0,106,22,False,0,0,132
887,1447321247,2403,1974,4,3,63,72,22,True,0,0,171
888,1447321258,2840,0,2038,63,0,199,22,False,0,0,133
889,1447321277,2936,1974,256,48,63,90,22,True,0,0,171
890,1447321294,2242,256,2039,63,48,171,22,False,0,0,171
891,1447321295,1589,1983,0,0,63,107,22,True,0,0,156
892,1447321315,2339,1975,36,15,63,86,22,True,0,0,133
893,1447321334,2693,0,1972,63,0,0,22,False,0,0,156
894,1447321379,1947,1982,0,0,63,43,22,True,0,0,112
895,1447321383,2365,1983,0,0,63,123,22,True,0,0,151
896,1447321369,3160,0,1828,63,0,13,22,False,0,0,171
897,1447321386,2906,260,1831,63,51,75,22,False,0,0,192
898,1447321427,2278,256,1956,63,48,97,22,False,0,0,132
899,1447321460,2800,1536,390,51,0,42,22,True,0,0,132
900,1447321451,2747,390,0,0,51,0,22,True,0,0,154
901,1447321569,3042,0,1972,63,0,253,22,False,0,0,112
902,1447321594,2133,0,2046,63,0,13,22,False,0,0,153
903,1447321592,4319,1796,0,0,63,15,22,True,0,0,152
904,1447321600,2978,0,1824,61,0,3,22,False,0,0,133
905,1447321641,3189,0,1798,63,0,343,22,False,0,0,156
906,1447321639,3127,1982,0,0,63,128,22,True,0,0,156
907,1447321659,1942,1972,0,0,63,233,22,True,0,0,133
908,1447321664,2211,2047,0,0,63,127,2,True,0,1,133
909,1447321684,2496,1844,4,3,63,0,22,True,0,0,151
910,1447321684,2379,0,2036,63,0,2,22,False,0,0,122
911,1447321710,1981,0,2038,63,2,131,22,False,0,0,111
912,1447321746,1643,1974,6,3,63,0,22,True,0,0,171
913,1447321745,1045,2047,4,3,63,122,22,True,0,0,132
914,1447321775,2710,390,1572,63,51,122,22,False,0,0,155
915,1447321736,2670,384,1796,63,48,97,22,False,0,0,155
916,1447321775,1929,2047,0,2,63,121,22,True,0,0,154
917,1447321797,1704,256,1983,63,48,131,22,False,0,0,132
918,1447321797,2269,1982,0,0,63,48,22,True,0,0,133
919,1447321814,1950,1854,388,51,63,150,22,True,0,0,187
920,1447321830,1931,1974,4,3,63,169,22,True,0,0,111
921,1447321809,1802,4,2047,63,3,236,22,False,0,0,132
922,1447321805,2649,1844,0,0,63,112,22,True,0,0,132
923,1447321841,2351,0,1974,63,0,0,22,False,0,0,111
924,1447321850,2453,0,1974,63,0,5,22,False,0,0,156
925,1447321866,2638,1796,0,0,63,0,22,True,0,0,138
926,1447321890,3250,1584,262,51,12,115,22,True,0,0,171
927,1447321906,2635,1796,0,0,63,121,22,True,0,0,133
928,1447321928,2718,0,1972,63,0,13,22,False,0,0,153
929,1447321934,2928,0,2038,63,0,3,22,False,0,0,153
930,1447321996,3121,7,1824,63,3,223,22,False,0,0,122
931,1447321999,4559,516,0,0,3,181,22,True,0,0,171
932,1447322013,3250,0,1056,28,0,65,22,False,0,4,132
933,1447322024,2526,0,1974,63,0,108,22,False,0,0,181
934,1447322045,2247,6,1974,63,3,1,22,False,0,0,185
935,1447322045,2886,0,1972,63,0,180,22,False,0,0,112
936,1447322050,4388,0,1796,51,0,51,22,False,0,0,133
937,1447322111,2342,260,1968,61,51,51,22,False,0,0,132
938,1447322114,2808,0,1830,63,0,4,22,False,0,0,171
939,1447322151,1864,1983,256,48,63,60,22,True,0,0,171
940,1447322154,2144,0,1974,63,0,169,22,False,0,0,171
941,1447322167,2745,1958,6,3,63,84,22,True,0,0,111
942,1447322202,2253,1974,4,3,63,231,22,True,0,0,156
943,1447322209,2544,0,1972,63,0,98,22,False,0,0,133
944,1447322243,2152,256,1846,63,49,97,22,False,0,0,132
945,1447322243,2168,1983,4,3,63,57,22,True,0,0,153
946,1447322258,2430,1983,0,0,63,44,22,True,0,0,133
947,1447322269,1707,262,2038,63,51,113,22,False,0,0,171
948,1447322284,2748,6,1828,63,3,248,22,False,0,0,155
949,1447322318,2845,1974,0,0,63,182,22,True,0,0,187
950,1447322313,2566,0,2047,63,0,16,22,False,0,0,153
951,1447322332,3266,1830,256,48,63,88,22,True,0,0,171
952,1447322371,1725,6,2038,63,3,67,22,False,0,0,112
953,1447322351,2550,0,1974,63,0,193,22,False,0,0,133
954,1447322370,2375,1852,0,0,63,134,22,True,0,1,132
955,1447322387,3361,1572,260,51,63,134,22,True,0,0,156
956,1447322396,2334,1855,0,48,63,163,22,True,0,0,171
957,1447322406,3059,0,1974,63,0,90,22,False,0,0,133
958,1447322418,2350,1974,256,48,63,4,22,True,0,0,154
959,1447322471,3562,772,0,3,51,0,22,True,0,0,153
960,1447322493,1808,4,2047,63,3,33,22,False,0,0,154
961,1447322498,1884,1975,4,3,63,0,22,True,0,0,132
962,1447322466,2380,1840,0,0,63,186,22,True,0,0,138
963,1447322502,3158,1824,260,51,60,68,22,True,0,0,154
964,1447322507,2404,1974,0,0,63,141,22,True,0,0,121
965,1447322547,2037,1983,0,0,63,182,22,True,0,0,132
966,1447322582,2454,1846,0,0,63,106,22,True,1,0,133
967,1447322556,2365,0,1972,63,0,7,22,False,0,0,138
968,1447322588,2290,0,2036,63,0,92,22,False,0,0,185
969,1447322600,3528,4,516,19,3,162,22,False,0,0,138
970,1447322631,2374,1974,0,32,63,58,22,True,0,0,153
971,1447322632,1721,2038,0,0,63,4,22,True,0,0,181
972,1447322620,2652,6,1972,63,3,105,22,False,0,0,192
973,1447322638,1277,2047,384,48,63,0,22,True,0,0,171
974,1447322702,2072,1982,0,0,63,12,22,True,0,0,111
975,1447322672,2174,0,1974,63,0,160,22,False,0,0,171
976,1447322693,3916,260,1572,63,51,130,22,False,0,0,133
977,1447322708,2280,0,1958,63,0,2,22,False,0,0,151
978,1447322737,2905,1796,0,0,51,78,22,True,0,0,171
979,1447322774,2068,4,2046,63,3,183,22,False,0,0,111
980,1447322787,1238,0,2046,63,0,166,22,False,0,0,133
981,1447322810,2356,1972,0,0,63,154,22,True,0,0,156
982,1447322798,2924,1542,0,0,19,249,22,True,0,0,171
983,1447322835,2619,1974,0,0,63,287,22,True,0,0,133
984,1447322859,2331,388,1846,63,51,13,22,False,0,0,133
985,1447322863,2187,1796,256,48,63,137,22,True,0,0,154
986,1447322884,2295,1852,388,51,63,15,22,True,0,0,156
987,1447322905,2372,1974,0,0,63,97,22,True,0,0,151
988,1447322958,2374,1584,0,0,31,154,22,True,0,0,133
989,1447322951,3258,1588,4,3,63,204,22,True,0,0,122
990,1447322986,2832,0,1974,63,0,138,22,False,0,0,154
991,1447323009,2864,1584,0,0,15,250,22,True,0,0,171
992,1447323071,1850,1974,0,0,63,101,22,True,0,0,132
993,1447323089,1878,0,1974,63,0,7,22,False,0,0,154
994,1447323100,1893,2038,4,3,63,0,22,True,0,0,138
995,1447323088,2358,1982,4,3,63,86,22,True,0,0,171
996,1447323131,2062,1975,0,0,63,13,22,True,0,0,154
997,1447323132,1840,1975,4,3,63,10,22,True,0,0,204
998,1447323167,2368,0,1974,63,0,111,22,False,0,0,152
999,1447323172,1718,1983,256,48,63,157,22,True,0,0,132
1000,1447323178,2816,1974,0,0,63,52,22,True,0,0,122
1001,1447323178,2808,0,1990,51,0,111,22,False,0,0,132
1002,1447323190,3773,1024,0,0,48,2,22,True,0,0,155
1003,1447323261,3832,0,1540,51,0,49,22,False,0,0,154
1004,1447323307,1604,0,2046,63,48,76,22,False,0,0,153
1005,1447323289,5103,1024,388,51,16,0,22,True,0,0,192
1006,1447323314,2333,1974,0,0,63,268,22,True,0,0,154
1007,1447323316,2220,1972,0,0,63,25,22,True,0,0,155
1008,1447323404,2348,1972,384,48,63,42,22,True,0,0,122
1009,1447323404,2355,1846,0,0,63,198,22,True,0,0,155
1010,1447323456,2611,1830,0,0,63,104,22,True,0,0,122
1011,1447323457,1531,6,1982,63,3,180,22,False,0,0,153
1012,1447323474,1868,0,1830,63,0,169,22,False,0,0,133
1013,1447323466,3184,1792,260,51,49,7,22,True,0,0,152
1014,1447323471,1526,0,2047,63,0,97,22,False,0,0,153
1015,1447323499,1852,0,1980,63,0,417,22,False,0,0,191
1016,1447323523,2445,1975,0,0,63,66,22,True,0,0,191
1017,1447323579,3076,1968,260,51,60,86,22,True,0,0,171
1018,1447323555,2052,0,1972,63,0,5,22,False,0,0,138
1019,1447323589,2190,0,2046,63,0,0,22,False,0,0,152
1020,1447323698,1939,1974,4,3,63,21,22,True,0,0,155
1021,1447323701,2025,0,2047,63,0,109,22,False,0,0,153
1022,1447323696,2931,0,2038,63,0,16,22,False,0,0,155
1023,1447323732,2608,4,1974,63,3,130,22,False,0,0,152
1024,1447323740,3678,0,1974,63,3,5,22,False,0,0,156
1025,1447323760,2717,0,2038,63,0,50,22,False,0,0,191
1026,1447323771,2947,1540,0,0,3,82,22,True,0,0,132
1027,1447323776,2804,4,1958,63,3,149,22,False,0,0,154
1028,1447323796,3825,0,1540,51,0,166,22,False,0,0,171
1029,1447323824,1606,6,2047,63,3,43,22,False,0,0,133
1030,1447323867,2807,1972,0,0,63,0,22,True,0,0,138
1031,1447323866,2463,0,1974,63,0,0,22,False,0,0,138
1032,1447323894,2358,0,1956,63,0,0,22,False,0,0,132
1033,1447323903,1977,1974,4,51,63,16,22,True,0,0,171
1034,1447323918,3403,1844,0,0,63,329,22,True,0,0,112
1035,1447323939,2201,1982,388,51,63,180,22,True,0,0,132
1036,1447323945,2648,1844,0,0,63,0,22,True,0,0,132
1037,1447323971,2946,0,1958,63,0,88,22,False,0,0,171
1038,1447324017,3113,0,1796,51,0,151,22,False,0,0,156
1039,1447324024,3012,0,1926,51,0,20,22,False,0,0,154
1040,1447324019,2149,2036,4,3,63,0,22,True,0,0,144
1041,1447324041,2148,0,2038,63,0,151,22,False,0,0,151
1042,1447324026,2735,1974,0,0,63,61,22,True,0,0,138
1043,1447324076,1579,32,2044,63,15,0,22,False,0,0,153
1044,1447324137,2638,2046,0,0,63,45,22,True,0,0,155
1045,1447324171,3100,0,1958,63,0,135,22,False,0,0,138
1046,1447324176,3638,0,2022,63,0,6,22,False,0,0,132
1047,1447324191,4142,1798,256,48,63,166,22,True,0,0,133
1048,1447324192,2483,0,2036,63,0,7,22,False,0,0,153
1049,1447324207,2023,2047,0,0,63,102,22,True,0,0,153
1050,1447324203,2701,0,1974,63,0,29,22,False,0,0,145
1051,1447324222,1795,256,1974,63,48,0,22,False,0,0,155
1052,1447324216,2748,0,1796,63,0,73,22,False,0,0,133
1053,1447324230,2945,0,1828,63,0,208,22,False,0,0,133
1054,1447324234,2115,0,1982,63,0,0,22,False,0,0,151
1055,1447324233,3041,0,1844,63,0,370,22,False,0,0,112
1056,1447324261,2605,6,1958,63,3,88,22,False,0,0,133
1057,1447324339,2191,1974,256,48,63,166,22,True,0,0,171
1058,1447324344,4111,1792,4,3,48,0,22,True,0,0,122
1059,1447324340,2600,0,1974,63,0,203,22,False,0,0,132
1060,1447324413,2233,1974,6,3,63,0,22,True,0,0,155
1061,1447324411,2653,1830,256,48,63,122,22,True,0,0,192
1062,1447324450,2075,1982,0,0,63,116,22,True,0,0,171
1063,1447324471,2396,1956,54,15,63,97,22,True,0,0,182
1064,1447324475,2081,6,2036,63,3,268,22,False,0,0,132
1065,1447324488,1572,2047,260,51,63,153,22,True,0,0,171
1066,1447324523,3634,0,260,51,3,2,22,False,0,0,156
1067,1447324527,2589,0,2039,63,0,8,22,False,0,0,112
1068,1447324523,3604,1828,6,3,63,145,22,True,0,0,132
1069,1447324505,3554,0,1540,51,0,0,22,False,0,0,151
1070,1447324520,4170,0,1982,63,0,0,22,False,0,0,171
1071,1447324545,1949,1983,0,0,63,65,22,True,0,0,132
1072,1447324534,2472,0,1952,60,0,116,22,False,0,0,132
1073,1447324523,3002,0,1830,63,0,130,22,False,0,0,191
1074,1447324573,2499,1854,256,48,63,8,22,True,0,0,133
1075,1447324609,2085,1846,4,3,63,8,22,True,0,0,138
1076,1447324610,2583,4,1980,63,3,55,22,False,0,0,156
1077,1447324607,2609,0,1972,63,0,75,22,False,0,0,138
1078,1447324676,1909,0,2040,63,0,5,22,False,0,0,171
1079,1447324682,3019,0,902,51,0,223,22,False,0,0,153
1080,1447324693,2704,1846,256,48,63,93,22,True,0,0,192
1081,1447324702,2252,6,1974,63,3,201,22,False,0,0,171
1082,1447324718,2406,256,1956,63,60,15,22,False,0,0,154
1083,1447324733,2535,1958,0,0,63,72,22,True,0,0,133
1084,1447324744,3571,0,1920,51,3,191,22,False,0,0,123
1085,1447324765,1997,0,2046,63,0,370,22,False,0,0,122
1086,1447324800,2127,0,2047,63,0,135,22,False,0,0,111
1087,1447324803,3668,1952,0,0,61,120,22,True,0,0,151
1088,1447324811,1894,2046,4,3,63,72,22,True,0,0,151
1089,1447324870,1565,256,2046,63,48,136,22,False,0,0,133
1090,1447324864,1841,0,1980,63,0,24,22,False,0,0,182
1091,1447324883,2800,0,1956,63,0,26,22,False,0,0,191
1092,1447324893,2112,2046,0,0,63,5,22,True,0,0,132
1093,1447324915,2541,6,1972,63,3,145,22,False,0,0,151
1094,1447324898,2686,1927,0,0,59,8,22,True,0,0,112
1095,1447324933,3205,1972,0,0,63,286,22,True,0,0,151
1096,1447324979,1947,0,2047,63,0,98,22,False,0,0,132
1097,1447324972,2541,260,1956,63,51,96,22,False,0,0,171
1098,1447324996,3017,1956,0,0,63,168,22,True,0,0,132
1099,1447325004,2640,0,1568,63,0,153,22,False,0,0,171
1100,1447325017,3140,1542,0,0,3,125,22,True,0,0,133
1101,1447325018,3560,260,1846,63,51,194,22,False,0,0,171
1102,1447325026,3651,4,0,2,3,0,22,False,0,0,153
1103,1447325050,1757,1982,0,0,63,157,22,True,0,0,171
1104,1447325059,2157,390,1824,63,51,102,22,False,0,0,181
1105,1447325090,2040,6,1972,63,3,111,22,False,0,0,133
1106,1447325116,2834,1974,0,16,63,5,22,True,0,0,156
1107,1447325110,3242,1974,0,0,63,74,22,True,0,0,121
1108,1447325117,2193,2039,0,0,63,18,22,True,0,0,111
1109,1447325138,2683,0,1958,63,0,19,22,False,0,0,191
1110,1447325140,3453,0,1974,63,0,109,22,False,0,0,132
1111,1447325173,2429,0,1854,63,0,1,22,False,0,0,171
1112,1447325197,2655,2038,0,0,63,121,22,True,0,0,156
1113,1447325229,3248,902,0,0,51,105,22,True,0,0,154
1114,1447325247,2237,0,1974,63,0,112,22,False,0,0,154
1115,1447325316,3121,260,1974,63,51,11,22,False,0,0,155
1116,1447325336,2150,1958,0,0,63,103,22,True,0,0,121
1117,1447325357,1721,1983,0,3,63,260,22,True,0,0,138
1118,1447325347,1814,1972,4,3,63,5,22,True,0,0,132
1119,1447325361,4157,1924,0,0,51,158,22,True,0,0,112
1120,1447325393,3419,1830,0,0,63,131,22,True,0,0,152
1121,1447325389,2163,1972,6,3,63,5,22,True,0,0,204
1122,1447325389,3530,1830,0,0,63,91,22,True,0,0,171
1123,1447325394,1958,0,2044,63,0,194,22,False,0,0,154
1124,1447325413,2639,1844,4,3,63,0,22,True,0,0,132
1125,1447325444,2804,256,1956,63,48,113,22,False,0,0,171
1126,1447325461,1845,1983,0,0,63,74,22,True,0,0,133
1127,1447325432,2625,256,1958,63,48,250,22,False,0,0,122
1128,1447325466,2412,0,1846,63,0,113,22,False,0,0,171
1129,1447325502,2797,0,1830,63,0,230,22,False,0,0,171
1130,1447325510,3527,1540,256,51,51,252,22,True,0,0,171
1131,1447325551,2363,0,1974,63,0,164,22,False,0,0,138
1132,1447325583,1573,2047,0,0,63,268,22,True,0,0,151
1133,1447325573,2884,0,2020,63,0,104,22,False,0,0,133
1134,1447325593,2426,0,1956,63,1,93,22,False,0,0,121
1135,1447325598,1277,0,2047,63,0,0,22,False,0,0,153
1136,1447325597,2191,1574,0,0,63,20,22,True,0,0,224
1137,1447325619,3111,0,1796,51,0,70,22,False,0,0,121
1138,1447325628,1963,1974,384,48,63,170,22,True,0,0,181
1139,1447325631,4513,0,1926,63,0,6,22,False,0,0,171
1140,1447325631,1976,1852,454,51,63,155,22,True,0,0,151
1141,1447325670,2120,4,1982,63,3,10,22,False,0,0,155
1142,1447325680,2033,0,1844,63,0,12,22,False,0,0,138
1143,1447325688,3304,256,6,51,52,0,22,False,0,0,156
1144,1447325712,2163,0,1952,63,3,15,22,False,0,0,154
1145,1447325726,2859,0,1972,63,0,144,22,False,0,0,171
1146,1447325744,2281,0,2046,63,0,258,22,False,0,0,153
1147,1447325766,1889,1974,0,0,63,1,22,True,0,0,153
1148,1447325768,1815,1846,6,3,63,56,22,True,0,0,133
1149,1447325758,2587,2046,256,51,63,47,22,True,0,0,153
1150,1447325786,2009,2038,4,3,63,5,22,True,0,0,132
1151,1447325801,1103,256,2047,63,48,13,22,False,0,0,121
1152,1447325845,3430,0,388,51,1,10,22,True,0,0,132
1153,1447325856,2985,1974,256,48,63,0,22,True,0,0,133
1154,1447325865,1286,2047,6,3,63,11,22,True,0,0,155
1155,1447325873,2450,1982,260,51,63,213,22,True,0,0,133
1156,1447325934,2275,1982,0,0,63,3,22,True,0,0,152
1157,1447325946,2004,1974,0,0,63,0,22,True,0,0,133
1158,1447326018,2067,0,2046,63,0,0,22,False,0,0,151
1159,1447326027,2327,1974,6,3,63,95,22,True,0,0,224
1160,1447326057,1533,0,2036,63,0,10,22,False,0,0,132
1161,1447326092,2408,1980,0,3,63,56,22,True,0,0,138
1162,1447326121,2637,0,1974,63,0,6,22,False,0,0,192
1163,1447326134,2127,2038,4,3,63,4,22,True,0,0,171
1164,1447326130,1834,1974,0,0,63,107,22,True,0,0,121
1165,1447326151,3037,256,1830,63,48,109,22,False,0,0,171
1166,1447326181,1782,2046,0,0,63,141,22,True,0,0,133
1167,1447326205,3010,1844,0,2,63,0,2,True,0,0,152
1168,1447326252,1902,256,2046,63,48,55,22,False,0,0,155
1169,1447326363,2953,0,1830,63,0,175,22,False,0,0,132
1170,1447326385,1537,1983,4,3,63,168,22,True,0,0,138
1171,1447326398,3315,0,1956,63,0,146,22,False,0,0,133
1172,1447326390,2438,1844,4,3,63,340,22,True,0,0,191
1173,1447326441,2095,1975,256,48,63,168,22,True,0,0,151
1174,1447326437,2879,0,1958,63,0,156,22,False,0,0,155
1175,1447326464,2349,4,1956,63,3,186,22,False,0,0,171
1176,1447326505,1878,1926,6,3,55,5,22,True,1,0,123
1177,1447326504,2570,0,1974,63,3,35,22,False,0,0,171
1178,1447326550,2198,0,2046,63,3,63,22,False,0,0,153
1179,1447326596,2922,1974,256,48,63,4,22,True,0,0,152
1180,1447326603,2392,0,1982,63,0,2,22,False,0,0,132
1181,1447326596,2997,6,1584,28,3,128,22,False,0,0,154
1182,1447326619,2512,1958,0,0,63,4,22,True,0,0,154
1183,1447326653,1211,2047,0,0,63,83,22,True,0,0,153
1184,1447326653,1823,0,1974,63,0,124,22,False,0,0,133
1185,1447326681,3238,388,1846,63,51,0,22,False,0,0,133
1186,1447326680,2498,4,1956,63,3,114,22,False,0,0,145
1187,1447326702,3330,0,1958,63,0,9,22,False,0,0,154
1188,1447326706,1959,0,2046,63,0,164,22,False,0,0,132
1189,1447326722,1488,0,2047,63,0,138,22,False,0,0,112
1190,1447326778,3207,0,1542,63,0,162,22,False,0,0,133
1191,1447326842,2100,0,2038,63,0,68,22,False,0,0,151
1192,1447326863,2974,1798,384,48,59,125,22,True,0,0,132
1193,1447326885,1979,4,1982,63,3,105,22,False,0,0,132
1194,1447326903,4039,1956,0,0,63,7,22,True,0,0,111
1195,1447326963,2121,0,1972,63,0,154,22,False,0,0,171
1196,1447326963,1424,1983,384,48,63,84,22,True,0,0,138
1197,1447326981,2149,0,2038,63,0,109,22,False,0,0,171
1198,1447326981,3086,0,2022,63,0,314,22,False,0,0,153
1199,1447327013,2297,1982,0,0,63,0,22,True,0,0,151
1200,1447327017,1585,0,1958,63,0,96,22,False,0,0,156
1201,1447327026,3024,0,1958,63,0,213,22,False,0,0,154
1202,1447327015,3076,0,1956,63,0,135,22,False,0,0,152
1203,1447327031,2617,1572,0,0,63,33,22,True,0,0,133
1204,1447327026,2285,256,1828,63,48,99,22,False,0,0,138
1205,1447327055,2791,1846,0,0,63,107,22,True,0,0,138
1206,1447327081,2763,1974,0,0,63,19,22,True,0,0,171
1207,1447327086,2901,1974,0,12,63,119,22,True,0,0,185
1208,1447327077,2440,1830,6,3,63,147,22,True,0,0,138
1209,1447327076,2354,1982,6,3,63,1,22,True,0,0,132
1210,1447327167,2065,1982,0,0,63,18,22,True,0,0,152
1211,1447327217,2217,6,1974,63,3,1,22,False,0,0,171
1212,1447327237,1965,1974,0,0,63,1,22,True,0,0,154
1213,1447327259,2288,32,2038,63,12,5,22,False,0,0,138
1214,1447327254,2063,1958,0,0,63,8,22,True,0,0,171
1215,1447327287,1920,2039,0,0,63,176,22,True,0,0,132
1216,1447327296,1955,1974,0,0,63,130,22,True,0,0,171
1217,1447327295,2504,1846,0,0,63,278,22,True,0,0,152
1218,1447327334,2062,1974,0,0,63,44,22,True,0,0,155
1219,1447327325,2549,0,1974,63,0,0,22,False,0,0,111
1220,1447327356,2771,1846,0,0,63,137,22,True,0,0,171
1221,1447327405,272,2047,2047,63,63,8,22,False,0,0,171
1222,1447327409,3579,1844,256,48,63,421,22,True,0,0,171
1223,1447327435,2902,0,1590,63,0,128,22,False,0,0,171
1224,1447327451,1938,1972,0,0,63,121,22,True,0,0,133
1225,1447327467,2274,0,1974,63,0,165,22,False,0,0,171
1226,1447327506,3076,1958,0,0,63,0,22,True,0,0,171
1227,1447327518,2690,1972,0,0,63,10,22,True,0,0,154
1228,1447327553,2415,1958,0,0,63,255,22,True,0,0,171
1229,1447327531,1752,0,2044,63,0,48,22,False,0,0,154
1230,1447327563,1857,6,1972,63,3,219,22,False,0,0,132
1231,1447327590,3378,1824,0,0,63,139,22,True,0,0,151
1232,1447327596,3557,260,1540,3,51,165,22,False,0,0,171
1233,1447327564,2145,256,1974,63,49,41,22,False,0,0,132
1234,1447327615,2135,4,1982,63,3,135,22,False,0,0,133
1235,1447327645,2002,1974,0,0,63,79,22,True,0,0,138
1236,1447327666,2375,256,1974,63,48,192,22,False,0,0,138
1237,1447327660,2174,1598,0,0,63,20,22,True,0,0,155
1238,1447327689,1746,1982,4,3,63,13,22,True,0,0,123
1239,1447327672,2576,0,1974,63,0,7,22,False,0,0,171
1240,1447327703,2612,0,2038,63,0,10,22,False,0,0,155
1241,1447327706,3251,1796,0,3,51,1,22,True,0,0,132
1242,1447327712,3891,1830,0,0,63,192,22,True,0,0,132
1243,1447327710,2215,0,2047,63,0,13,22,False,0,0,171
1244,1447327784,2406,0,2038,63,0,5,22,False,0,0,156
1245,1447327783,2201,260,1972,63,51,182,22,False,0,0,138
1246,1447327794,2878,0,772,51,0,276,22,False,0,0,155
1247,1447327812,2029,1974,7,3,63,92,22,True,0,0,138
1248,1447327804,2199,256,2038,63,48,91,22,False,0,0,112
1249,1447327819,2272,1974,0,2,63,73,22,True,0,1,155
1250,1447327861,2965,0,1830,63,0,231,22,False,0,0,132
1251,1447327866,3889,0,262,51,4,254,22,True,0,0,171
1252,1447327866,2229,0,1983,63,0,94,22,False,0,0,171
1253,1447327857,1220,2047,6,15,63,79,22,True,0,0,133
1254,1447327880,2459,1974,0,0,63,31,22,True,0,0,145
1255,1447327907,2122,0,2047,63,0,218,22,False,0,0,132
1256,1447327913,2483,1974,0,0,63,221,22,True,0,0,138
1257,1447327923,1937,0,1982,63,0,35,22,False,0,0,181
1258,1447327939,2088,1982,0,0,63,158,22,True,0,0,171
1259,1447327945,1951,390,1974,63,51,54,22,False,0,0,192
1260,1447327998,2893,0,1972,63,0,50,22,False,0,0,132
1261,1447328019,2483,2038,0,0,63,71,22,True,0,0,171
1262,1447328023,1917,0,2046,63,0,284,22,False,0,0,204
1263,1447328076,2912,1828,0,0,63,69,22,True,0,0,171
1264,1447328078,1956,4,1983,63,3,343,22,False,0,0,132
1265,1447328073,2448,1974,0,0,63,24,22,True,0,0,133
1266,1447328102,1925,1974,0,0,63,592,22,True,0,0,132
1267,1447328123,2599,0,1958,63,0,0,22,False,0,0,132
1268,1447328120,767,2047,2038,63,63,170,22,True,0,0,171
1269,1447328117,2209,1983,256,51,63,104,22,True,0,0,138
1270,1447328143,2558,2038,4,51,63,57,22,True,0,0,156
1271,1447328154,2373,0,1974,63,0,117,22,False,0,0,151
1272,1447328141,1816,1975,256,48,63,52,22,True,0,0,132
1273,1447328220,2165,0,1958,63,0,315,22,False,0,0,132
1274,1447328248,2546,0,1958,63,12,4,22,False,0,0,156
1275,1447328259,2170,0,1982,63,0,307,22,False,0,0,138
1276,1447328283,3063,1574,0,0,47,58,22,True,0,0,151
1277,1447328297,2406,256,1828,63,48,28,22,False,0,0,111
1278,1447328296,2009,0,1974,63,0,2,22,False,0,0,171
1279,1447328296,422,2047,2047,63,63,91,22,True,0,0,112
1280,1447328291,3538,0,1956,63,3,8,22,False,0,0,185
1281,1447328371,2741,0,1958,63,0,49,22,False,0,0,224
1282,1447328379,2189,256,1958,63,48,199,22,False,0,0,224
1283,1447328410,2963,0,1572,63,0,148,22,False,0,0,171
1284,1447328408,2041,1974,256,48,63,18,22,True,0,0,123
1285,1447328431,1922,1983,0,0,63,163,22,True,0,0,111
1286,1447328464,3119,1830,4,3,63,170,22,True,0,0,223
1287,1447328462,2848,1828,0,0,63,57,2,True,0,0,154
1288,1447328493,1912,1982,6,3,63,136,22,True,0,0,151
1289,1447328527,3513,0,1828,63,0,247,22,False,0,0,156
1290,1447328537,1676,2046,32,12,63,153,22,True,0,0,171
1291,1447328554,3538,388,0,48,51,0,22,False,0,0,132
1292,1447328556,2192,0,2038,63,0,0,22,False,0,0,154
1293,1447328568,1597,2039,6,3,63,82,22,True,0,0,132
1294,1447328575,1866,2046,0,0,63,177,22,True,0,0,171
1295,1447328565,3080,0,1830,63,0,157,22,False,0,0,132
1296,1447328611,3484,0,1924,51,0,39,22,False,0,0,155
1297,1447328633,1973,6,1846,63,3,32,22,False,0,0,133
1298,1447328668,3596,1924,260,51,63,0,22,True,0,0,171
1299,1447328686,2431,0,1975,63,0,91,22,False,0,0,204
1300,1447328687,1989,1974,256,48,63,134,22,True,0,0,133
1301,1447328710,2451,1975,4,3,63,60,22,True,0,0,152
1302,1447328702,2675,6,1844,63,3,14,22,False,0,0,121
1303,1447328730,1764,2047,0,0,63,0,22,True,0,0,153
1304,1447328766,2867,0,1828,63,0,134,22,False,0,0,133
1305,1447328797,2353,256,1972,63,48,40,22,False,0,0,121
1306,1447328837,3028,262,1536,8,51,231,22,False,0,0,171
1307,1447328870,2393,1980,0,0,63,141,22,True,0,0,133
1308,1447328882,3145,0,1924,63,0,57,22,False,0,0,133
1309,1447328875,4084,1536,390,51,8,323,22,True,0,0,132
1310,1447328910,1817,1983,0,0,63,207,22,True,0,0,154
1311,1447328931,2811,1974,0,0,63,5,22,True,0,0,182
1312,1447328917,2518,1830,4,3,63,0,22,True,0,0,133
1313,1447328938,2724,0,2036,63,0,18,22,False,0,0,156
1314,1447328932,2938,0,1980,63,0,230,22,False,0,0,154
1315,1447328949,1395,1852,384,48,63,12,22,True,0,0,133
1316,1447329023,2938,0,1972,63,0,0,22,False,0,0,171
1317,1447329037,1773,1975,0,0,63,1,2,True,0,0,156
1318,1447329040,2941,1956,0,3,63,105,22,True,0,0,151
1319,1447329072,1686,1975,0,0,63,1,22,True,0,0,171
1320,1447329167,3056,384,1572,15,48,52,22,False,0,0,153
1321,1447329162,3029,0,2038,63,0,248,22,False,0,0,132
1322,1447329194,1582,2046,6,15,63,12,22,True,0,0,132
1323,1447329218,1682,2047,4,3,63,3,22,True,0,0,132
1324,1447329215,2560,6,1972,63,3,4,22,False,0,0,171
1325,1447329251,2265,0,2038,63,0,54,22,False,0,0,152
1326,1447329226,1612,1854,256,48,63,97,22,True,0,0,132
1327,1447329269,3499,0,768,51,0,224,22,False,0,0,138
1328,1447329278,2112,1982,4,3,63,213,22,True,0,0,133
1329,1447329278,2331,2046,0,0,63,93,22,True,0,0,156
1330,1447329287,2780,0,1956,63,0,126,22,False,0,0,171
1331,1447329291,2382,1982,260,51,63,191,22,True,0,0,171
1332,1447329314,1893,0,2046,63,0,124,22,False,0,0,132
1333,1447329305,2663,1975,0,0,63,150,22,True,0,0,133
1334,1447329330,1933,1982,384,51,63,25,22,True,0,0,132
1335,1447329324,1818,0,2047,63,0,11,22,False,0,0,188
1336,1447329339,2573,1958,0,0,63,132,22,True,0,0,152
1337,1447329355,2236,1974,0,0,63,151,22,True,0,0,133
1338,1447329382,1595,2038,0,0,63,0,22,True,0,0,155
1339,1447329398,1659,2047,0,0,63,231,22,True,0,0,171
1340,1447329414,2815,260,1540,3,51,0,22,False,0,0,171
1341,1447329418,2131,6,1980,63,3,1,22,False,0,0,191
1342,1447329414,2228,256,1982,63,48,229,22,False,0,0,138
1343,1447329426,2140,2047,4,3,63,16,22,True,0,0,154
1344,1447329465,1982,1974,0,3,63,95,22,True,0,0,153
1345,1447329467,2111,0,1854,63,0,20,22,False,0,0,122
1346,1447329476,1179,2046,6,3,63,171,22,True,0,0,191
1347,1447329474,1930,0,2039,63,0,26,22,False,0,0,133
1348,1447329481,5462,0,454,51,0,111,22,True,0,0,132
1349,1447329490,3382,0,1924,63,0,315,22,False,0,0,191
1350,1447329495,2647,0,1974,63,0,7,22,False,0,0,154
1351,1447329509,2606,0,1972,63,0,148,2,False,0,0,132
1352,1447329530,2810,1844,0,0,63,2,22,True,0,0,152
1353,1447329535,3354,1568,0,0,13,112,22,True,0,0,132
1354,1447329545,1784,0,1982,63,0,60,22,False,0,0,132
1355,1447329531,3601,1540,454,51,63,106,22,True,0,0,144
1356,1447329558,2176,0,1958,63,0,23,22,False,0,0,132
1357,1447329568,3896,1828,262,51,63,99,22,True,0,0,154
1358,1447329628,2700,6,1972,63,3,1,22,False,0,0,171
1359,1447329622,2425,1974,0,0,63,15,22,True,0,0,156
1360,1447329672,2828,1828,0,0,63,37,22,True,0,0,132
1361,1447329676,2417,0,1972,63,0,15,22,False,0,0,121
1362,1447329676,2002,2047,0,0,63,2,22,True,0,0,192
1363,1447329658,2552,1828,4,3,63,1,22,True,0,0,171
1364,1447329692,2584,1974,0,0,63,17,22,True,0,0,156
1365,1447329692,1160,2047,36,15,63,55,22,True,0,0,191
1366,1447329754,2531,256,1972,63,48,220,22,False,0,0,155
1367,1447329778,2594,1980,0,0,63,80,22,True,0,0,154
1368,1447329808,2296,1983,0,0,63,0,22,True,0,0,132
1369,1447329894,3330,0,1796,63,0,4,22,False,0,0,171
1370,1447329896,1958,1846,390,51,63,18,22,True,0,0,132
1371,1447329910,3775,0,1568,31,0,90,22,False,0,0,156
1372,1447329923,2365,0,1983,63,2,0,22,False,0,0,153
1373,1447329950,2291,1974,4,51,63,39,22,True,0,0,152
1374,1447329947,2231,2038,4,15,63,87,22,True,0,0,171
1375,1447329958,2788,1796,0,0,63,102,22,True,0,0,132
1376,1447329934,2125,0,2038,63,0,55,22,False,0,0,133
1377,1447329967,1911,1983,0,0,63,229,22,True,0,0,153
1378,1447329987,1995,0,1972,63,0,64,22,False,0,0,132
1379,1447329998,2570,1975,0,0,63,123,22,True,0,0,171
1380,1447329998,2056,0,1974,63,0,5,22,False,0,0,133
1381,1447330023,2511,1974,0,1,63,58,22,True,0,0,171
1382,1447330076,2309,1974,0,0,63,81,22,True,0,0,171
1383,1447330076,1851,0,1982,63,0,110,22,False,0,0,171
1384,1447330113,3396,0,1926,51,0,12,22,False,0,0,155
1385,1447330124,3016,1926,4,3,63,53,22,True,0,0,155
1386,1447330122,2284,0,1958,63,0,107,22,False,0,0,133
1387,1447330230,1972,0,2047,63,0,286,22,False,0,0,132
1388,1447330230,1718,0,1982,63,0,27,22,False,0,0,191
1389,1447330258,2407,0,2020,63,0,0,22,False,0,0,171
1390,1447330268,2193,1974,0,0,63,75,22,True,0,0,133
1391,1447330268,3677,260,1792,52,51,174,22,False,0,0,132
1392,1447330276,2675,0,1972,63,0,262,22,False,0,0,138
1393,1447330294,1750,0,2047,63,0,140,22,False,0,0,155
1394,1447330329,2865,516,384,48,3,8,22,True,0,0,156
1395,1447330386,2639,1974,0,0,63,0,22,True,0,0,223
1396,1447330415,2233,1972,384,48,63,16,22,True,0,0,133
1397,1447330441,2921,0,1830,63,0,231,22,False,0,0,155
1398,1447330457,1826,1974,4,3,63,0,22,True,0,0,171
1399,1447330463,2300,256,1972,63,48,72,22,False,0,0,181
1400,1447330472,3082,0,1796,51,0,0,22,False,0,0,187
1401,1447330478,1616,1982,0,0,63,0,22,True,0,0,171
1402,1447330491,2025,0,1974,63,3,142,22,False,0,0,154
1403,1447330496,2577,0,2038,63,0,0,22,False,0,0,154
1404,1447330507,3236,4,1540,51,3,23,22,False,0,0,171
1405,1447330523,1460,2047,0,0,63,8,22,True,0,0,188
1406,1447330539,2819,0,1598,63,0,35,22,False,0,0,153
1407,1447330533,2627,0,1828,63,8,227,22,False,0,0,133
1408,1447330552,1949,260,2038,63,51,0,22,False,0,0,132
1409,1447330546,1826,2046,4,3,63,101,22,True,0,0,133
1410,1447330532,2986,0,1846,63,0,3,22,False,0,0,156
1411,1447330595,2986,0,1844,63,0,90,22,False,0,0,171
1412,1447330607,2845,1972,0,0,63,116,22,True,0,0,132
1413,1447330619,3250,0,1798,63,0,25,22,False,0,0,187
1414,1447330630,1486,2047,0,0,63,21,22,True,0,0,152
1415,1447330634,3833,1926,0,0,59,75,22,True,0,0,138
1416,1447330640,2120,1975,0,0,63,1,22,True,0,0,151
1417,1447330633,1663,0,1975,63,0,101,22,False,0,0,138
1418,1447330645,3172,0,1540,3,0,11,22,False,0,0,138
1419,1447330655,1469,0,2047,63,0,35,22,False,0,0,138
1420,1447330662,3233,1588,0,0,15,3,22,True,0,0,155
1421,1447330739,2693,1972,0,0,63,0,22,True,0,0,132
1422,1447330744,2627,1974,0,0,63,9,22,True,0,0,132
1423,1447330750,1551,2047,256,48,63,0,22,True,0,0,133
1424,1447330739,3846,512,388,51,15,123,22,True,0,0,153
1425,1447330802,2362,1974,4,3,63,60,22,True,0,0,133
1426,1447330798,2970,4,1830,63,3,285,22,False,0,0,132
1427,1447330799,3416,1958,0,0,63,95,22,True,0,0,171
1428,1447330816,2640,0,1974,63,0,0,22,False,0,0,155
1429,1447330823,2720,1974,0,0,63,108,22,True,0,0,192
1430,1447330837,2870,1974,4,3,63,3,22,True,0,0,171
1431,1447330861,2153,0,2039,63,0,5,22,False,0,0,154
1432,1447330888,1833,1982,0,0,63,17,22,True,0,0,171
1433,1447330900,2570,6,1972,63,3,11,22,False,0,0,171
1434,1447330934,2849,6,1824,61,3,17,22,False,0,0,132
1435,1447330958,2508,1846,256,48,63,96,22,True,0,0,152
1436,1447330984,1970,1983,260,51,63,166,22,True,0,0,171
1437,1447330968,2278,6,1972,63,3,48,22,False,1,3,133
1438,1447331052,2417,2039,0,0,63,76,22,True,0,0,171
1439,1447331046,1910,1974,0,0,63,282,22,True,0,0,204
1440,1447331054,1195,2047,6,3,63,12,22,True,0,0,123
1441,1447331063,2012,0,2046,63,0,170,2,False,0,0,132
1442,1447331068,2123,2038,0,0,63,90,22,True,0,0,133
1443,1447331069,1757,2046,0,0,63,162,22,True,0,0,155
1444,1447331108,4702,260,1568,61,51,5,22,False,0,0,112
1445,1447331124,2674,1854,262,51,63,122,22,True,0,0,154
1446,1447331136,2519,1920,260,51,60,4,22,True,0,0,153
1447,1447331179,3005,0,1798,55,0,383,22,False,0,0,155
1448,1447331178,1994,1983,0,16,63,259,22,True,0,0,133
1449,1447331194,2699,0,1972,63,0,164,22,False,0,0,156
1450,1447331206,1461,2047,0,0,63,13,22,True,0,0,132
1451,1447331225,2297,0,1974,63,0,12,22,False,0,0,123
1452,1447331243,1964,0,2047,63,0,339,22,False,0,0,171
1453,1447331258,1842,1968,0,0,63,99,22,True,0,0,132
1454,1447331276,2533,2046,0,0,63,108,22,True,0,0,151
1455,1447331276,2150,1972,6,3,63,6,22,True,0,0,192
1456,1447331303,2533,0,1958,63,0,205,22,False,0,0,171
1457,1447331321,3180,1924,6,3,63,9,22,True,0,0,153
1458,1447331326,1837,2038,0,0,63,120,22,True,0,0,155
1459,1447331344,3060,1844,0,0,63,2,22,True,0,0,154
1460,1447331364,3203,1536,390,51,9,333,22,True,0,0,132
1461,1447331387,2758,0,1958,63,0,0,22,False,0,0,156
1462,1447331377,2345,1974,4,3,63,71,22,True,0,0,138
1463,1447331399,1749,0,2046,63,0,17,22,False,0,0,138
1464,1447331417,2181,1974,4,3,63,63,22,True,0,0,138
1465,1447331408,2467,0,1972,63,0,17,22,False,0,0,153
1466,1447331443,2131,6,1848,63,3,14,22,False,0,0,133
1467,1447331444,2480,1844,0,0,63,56,22,True,0,0,153
1468,1447331458,2104,1975,0,0,63,259,22,True,0,0,138
1469,1447331524,1571,1974,0,0,63,10,22,True,0,0,133
1470,1447331529,2105,1975,256,48,63,13,22,True,0,0,123
1471,1447331548,2567,1830,4,3,63,80,22,True,0,0,133
1472,1447331547,3296,1540,0,0,3,221,22,True,0,0,133
1473,1447331539,3695,256,262,51,48,136,22,False,0,0,155
1474,1447331553,2213,0,2038,63,0,21,22,False,0,0,152
1475,1447331573,3163,1796,4,3,63,43,22,True,0,0,155
1476,1447331578,3218,1972,0,0,63,266,22,True,0,0,133
1477,1447331599,2760,0,1956,63,0,101,22,False,0,0,154
1478,1447331605,1943,0,1982,63,0,15,22,False,0,0,132
1479,1447331605,1842,2047,262,51,63,188,22,True,0,0,133
1480,1447331643,2048,260,1982,63,51,11,22,False,0,0,154
1481,1447331665,1784,2047,0,0,63,15,22,True,0,0,171
1482,1447331660,1584,2047,0,0,63,0,22,True,0,0,133
1483,1447331670,3226,1792,0,0,51,13,22,True,0,0,191
1484,1447331678,1625,1983,260,51,63,373,2,True,0,0,151
1485,1447331723,1791,2047,0,0,63,186,22,True,0,0,171
1486,1447331741,3103,0,1958,63,0,134,22,False,0,0,154
1487,1447331751,3047,1828,6,3,63,3,22,True,0,0,132
1488,1447331774,2541,2038,4,3,63,252,22,True,0,0,132
1489,1447331785,2976,0,1924,63,0,46,22,False,0,0,133
1490,1447331770,2495,1830,0,0,63,2,22,True,0,0,204
1491,1447331812,4271,1844,0,0,63,0,22,True,0,0,185
1492,1447331828,3904,1536,0,0,48,104,22,True,0,0,133
1493,1447331810,1760,1982,4,3,63,5,22,True,0,0,152
1494,1447331825,2555,2022,0,48,63,0,22,True,0,0,155
1495,1447331848,2524,1830,388,51,63,93,22,True,0,0,151
1496,1447331855,2048,0,2046,63,0,190,22,False,0,0,133
1497,1447331864,2414,1830,0,0,63,0,22,True,0,0,156
1498,1447331880,2942,0,1846,63,0,64,22,False,0,0,145
1499,1447331890,2426,0,1974,63,0,164,22,False,0,0,154
1500,1447331941,1790,1982,0,0,63,358,2,True,0,0,155
